小区,0
167厂桃花园小区,9422.0
1958青年公馆,8854.8
420厂宿舍,11698.2
630宿舍,9485.0
7306综合楼,9078.0
78号观邸,29295.0
8号公馆,13217.57
COSMO天廊,29016.67
ICC凯旋门,37167.2
ICC天曜,44045.89
IMC国际广场,33819.0
Q城,22819.0
SG珊顿道,31045.5
SOHO沸城,13279.0
U+尚舍,17374.33
colour彼岸,16653.5
tt尚品,21673.0
一品CG,24182.0
一品天下C区,15960.25
一品天成,19139.33
一品荷花,11732.33
一品雅居,11414.5
一杆旗东街99号,6985.67
一江城花,8987.5
一环路东三段47号,11015.0
一环路东二段13号,10637.0
一环路东二段48号,12513.0
一环路东南段127号,8154.0
一环路东南段99号,7508.0
一环路东四段14号,13740.0
一环路东四段79号,10667.0
一环路北一段113号,14271.0
一环路北三段2号,17650.0
一环路北三段55号,11571.0
一环路北三段79号,10369.0
一环路北二段32号,10713.0
一环路北四段207号,10738.5
一环路南二段6号附3号,10865.0
一环路南二段9号,11231.0
一里阳光,9725.33
七一城市森林花园,16709.4
七化建宿舍,7519.0
七家巷8号,11621.5
七彩花都A区,12952.6
七彩花都B区一期,9976.0
七彩花都B区二期,11903.5
七里溪香,6124.8
万千城,11038.0
万和电信公寓,20002.0
万和苑,19095.0
万基兰御,18093.0
万基蓝麟,16479.67
万基金蓝湾,8556.86
万家华庭,8230.0
万家和新城花园,8854.71
万家和花园,5725.0
万年场横街5号,11191.0
万年茗居,17762.0
万担仓路3号,9586.0
万春东路10号,7444.0
万景九洲天府,12184.5
万景峰一期,13839.67
万景峰二期,13387.65
万树森林一期,14249.0
万树森林二期,9873.5
万欣名邸,13848.0
万科五龙山九墅,15442.0
万科五龙山璞院,15061.67
万科五龙山翡翠郡,17358.4
万科加州湾,18174.75
万科双水岸,13948.0
万科国宾润园,25707.33
万科城,17486.26
万科城市花园,31103.0
万科城臻园,21225.5
万科天荟,36591.0
万科时代之光,10823.15
万科时光润园,15211.0
万科朗润园,14950.0
万科海悦汇城东区,22304.73
万科海悦汇城西区,24612.42
万科玖西堂,20675.44
万科理想城一期,17954.11
万科理想城三期·星河,17920.07
万科理想城二期·树院,17416.6
万科璟南堂,31308.0
万科碧桂园公园大道,8715.0
万科第五城一期,17574.75
万科第五城三期,18544.5
万科第五城二期,17322.74
万科第五城四期,17372.84
万科缇香荟,15252.25
万科翡翠公园,28028.77
万科金域名邸一期,37294.0
万科金域名邸二期,40059.5
万科金域缇香一期,17209.0
万科金域缇香二期,15271.5
万科金域蓝岸,25182.33
万科金域蓝湾一期,29137.33
万科金域蓝湾二期,21665.0
万科金域西岭,20333.94
万科金润华府,29597.44
万科金色乐府,31853.0
万科金色城品,18370.2
万科金色城市,19784.0
万科金色城市二期,20563.0
万科金色家园,31980.0
万科金色海蓉一期,27166.0
万科金色海蓉二期,33270.75
万科金色领域,24664.8
万科锦西润园,22332.5
万科魅力之城一期,20094.14
万科魅力之城三期,24244.18
万科魅力之城二期,19030.83
万科魅力之城四期,27600.5
万达华府,32849.27
万达华府A区,10489.33
万达华府B区,11964.5
万达华府C区,12962.0
万达华府D区,10568.5
万达锦华城,16635.71
万锦城,20781.23
万高都市欣城,12735.0
万鸿城市花园,11195.67
三九八家属区,5108.0
三九绿城,13914.8
三九雅园,20099.0
三佳悦都,11543.67
三倒拐街52号,15718.0
三利云锦,30401.6
三利宅院白云渡,24691.0
三利领事公馆,19133.0
三利麓山城春风里,22065.9
三利麓山城春风里B,22316.09
三利麓山城本草荟,22729.14
三利麓山城翠薇谷,22754.4
三利麓山城蔚然集,21684.4
三十所宿舍,14366.75
三原教师苑,6171.0
三合嘉苑,8731.33
三和南庭,14647.5
三和南锦,15928.0
三和家园,6805.0
三和爱汀府,22366.0
三和花园,13333.67
三四八小区,5827.67
三圣街24号,18713.0
三度空间,18776.0
三强馨园,10955.0
三桂前街87号,11724.5
三洞桥6号,12835.67
三洞桥路20号,9639.0
三洲娇子苑,32555.0
三盛翡俪山,10968.0
三盛都会城,11655.69
三街坊社区,12149.8
三道街43号,20876.0
三都汇朝九,9432.0
三都汇朝外,20632.4
三里花城,17526.0
三阳郡都,10427.0
上上城,9300.0
上东一号一期,14637.36
上东一号二期,14792.0
上东世家,25989.0
上东国际,16511.17
上东壹号丽景苑,18620.75
上东大街36号院,26479.0
上东家园,10845.0
上东花园4组团,11347.0
上东锦城A区,14813.0
上东锦城B区,14921.0
上东阳光一期,16434.0
上东阳光三期,13129.0
上东阳光林曦,17442.33
上东阳光美悦林,18836.5
上东阳光艾特公馆,15012.0
上优水岸,13625.33
上半节巷12号,21272.0
上古天地,5722.0
上品金沙,28563.0
上善天成,11889.5
上城生活馆,18592.0
上寓,19834.0
上层建筑,16017.5
上林宽境,14377.0
上栖美塾,8896.5
上河居,6486.4
上河新城,16022.33
上河苑,8302.38
上海东韵,24938.7
上海花园(高新),23110.0
上福佳苑,10163.0
上置雅宾利,12449.0
上翔街31号,33021.5
上行东方,17437.5
上行汇锦,22139.11
上行锦绣,16774.88
上道西城,14255.25
上都二期,7037.0
上锦康城A期,9919.5
上锦康城B期,10724.0
上锦美地,20087.0
上锦雅筑,16888.88
上锦颐园,10096.9
上锦颐园佳境,10048.36
上锦颐园汇萃,10162.0
上霖东方,17417.0
上风瑞庭,11730.5
下一站都市,21544.0
下莲池街7号,20981.0
专气厂宿舍区,15494.0
世代锦江华宅,31538.0
世代锦江商务楼,28442.0
世发家园,9747.0
世外桃源,8681.0
世家东部时空,17315.5
世界贸易中心,10061.0
世纪光华,9530.73
世纪朝阳,21885.82
世纪滨江,11133.78
世纪苑一期,6432.0
世纪苑二期,8579.0
世纪金沙,26186.23
世纪锦苑,20154.5
世茂城一期,16822.13
世茂城三期,20071.5
世茂城二期,26103.61
世茂城四期,20881.85
世茂玉锦湾一期,36942.67
世茂玉锦湾二期,31416.5
世豪嘉柏,19633.0
世豪瑞丽,32154.0
世龙广场,27225.5
丛林背景,6321.5
东二道东街52号,20052.0
东二道街74号,17804.0
东光街南一巷1号,12469.0
东升大院,6555.0
东升街46号,19676.0
东升街69号,16660.0
东华苑,12105.5
东华门街9号,23223.0
东原亲亲里,18390.17
东原印长江,40000.0
东原城,9667.65
东原时光道,24487.29
东原晴天见,16123.6
东圣苑,13252.5
东坡小区,16824.0
东城印象小区,17665.0
东城攻略,13603.67
东城根南街68号,17364.5
东城美地,20180.0
东域龙湾一期,11668.8
东域龙湾二期,11510.71
东大街22附3,5271.0
东大街404号,5902.0
东安北左街19号院,23533.0
东安北左街37号,21415.0
东安北路6号,24247.0
东安南路15号,27291.0
东山国际新城A区,10933.83
东山国际新城B区,12420.89
东山国际新城C区,11451.36
东山国际新城D区,13229.0
东山国际新城E区,11046.88
东山国际新城H区一期,13069.29
东山国际新城H区三期,13300.5
东山国际新城H区二期,12940.75
东山国际玫瑰谷,20529.5
东山领地,12437.56
东巷子47号,8406.0
东府街27号,28582.0
东御佲家,24875.5
东成西就,6908.67
东打铜街,11915.0
东新街8号,13072.0
东方1+1,13746.0
东方丽景(锦江),12142.5
东方丽苑,12415.0
东方华大广场,12288.33
东方华美苑,8885.5
东方家园,10953.75
东方希望天祥广场,29039.89
东方怡景,8477.0
东方惠城A区,14759.4
东方惠城B区,12667.2
东方新城一期,14155.5
东方新城二期,12590.5
东方桂苑,16742.0
东方花园(成华),24306.0
东方花园(龙泉驿),9567.67
东方虹花苑,7914.0
东方逸景,15889.5
东方锦都,17142.0
东方魅力水云涧,9939.0
东明街36号,5952.0
东晖花园,13675.0
东晖花园三期,12683.5
东晖花园四期,11225.0
东景丽舍,10304.0
东景丽苑,9740.0
东景家园,16884.67
东景康庭,11740.67
东晶丽苑,14358.0
东林半岛,13737.5
东林城市花园,13248.67
东林小区,12014.0
东林景忆,9825.0
东桂三号院,11467.0
东桂四号院,13171.0
东汇家园,18813.57
东沙路社区,8609.0
东泰新居,8549.5
东洪广厦,17393.73
东海花园,21077.0
东润风尚,20603.0
东润风景A区,20738.0
东湖国际,31028.54
东湖花园水晶座,16126.0
东环路三巷16号,5888.0
东环路五巷46号,4781.0
东珠市街16号,18095.0
东珠市街9号,10625.0
东珠美地,23060.57
东盛园,7765.0
东立国际广场,12708.4
东立国际花城,12971.33
东篱居二期,18308.0
东篱路103号院,12971.0
东篱路14号院,10625.0
东胜街13号,23170.0
东胜街16号,22018.0
东胜街19号,21727.0
东胜街23号,21623.0
东胜街5号,22407.0
东苑(安居路),4129.0
东苑A区,30532.67
东苑B区,27047.75
东苑C区,28957.25
东苑D区,27000.14
东苑E区,31467.0
东苑F区,33135.0
东虹路65号院,9653.0
东街38号,4697.0
东通顺街26号,9909.0
东通顺街33号,12509.0
东通顺街55号,10744.0
东门街89号,21155.0
东阳豪庭,8494.0
东阳豪庭南区,8724.0
东韵雅园,10665.0
东顺园,15523.0
东顺城南街51号,28861.0
东顺巷109号,6247.5
东顺巷12号小区,6260.0
东风园,7821.0
东风渠管理宿舍,9425.0
东风路北二巷4号,11864.67
东风路北二巷5号,13776.0
东马道街21号,12420.0
东马道街70号,9944.0
东骏湖景湾一期,15530.75
东骏湖景湾三期,13884.8
东骏湖景湾五期,15043.0
东骏湖景湾六期,15554.83
东骏湖景湾四期,14524.0
东麓驿境一期,13642.5
东麓驿境二期,11675.5
东麓驿境五期,18057.5
东麓驿境四期,13153.25
丝绸公司宿舍,9772.0
两江国际,31945.43
两河路西段188号,8704.0
两河锦地,12644.09
中信城左岸,23480.05
中信未来城北区,12807.08
中信未来城南区,13008.65
中冶中央公园,11250.5
中冶田园世界,10837.2
中加水岸,21819.33
中化滨江锦府,22796.25
中医院新宿舍,8216.0
中华名园一期,18062.33
中华名园三期C区,18085.0
中华名园三期D区,18900.25
中华名园二期,17738.0
中华名城1期,8939.1
中华名城2期,8383.3
中华园中苑,22233.0
中华园绣苑,24405.0
中华园锦苑,25394.0
中华家园东区,23156.67
中华家园西区,22356.33
中南上熙府熙悦,18805.0
中南上熙府珑悦,15055.17
中南云樾,16867.75
中南海棠集,18916.0
中和警官公寓,12711.0
中国华商金融中心,34793.0
中国水电泛悦国际,27071.86
中国烽火航天机械厂,5944.75
中国科学院光电技术研究院员工宿舍,9675.0
中国西部文化城,15658.1
中国铁建北湖国际城一期,18282.0
中国铁建北湖国际城二期,17267.88
中国铁建北湖国际城溪檀三期,19205.56
中国铁建国际城,15963.25
中国铁建广场,7607.0
中国铁建西派国樾,26304.14
中国铁建西派澜岸,58225.0
中坝小区,11089.0
中大君悦金沙一二期,20754.5
中大君悦金沙五期,29162.67
中大君悦金沙四期,25579.0
中天滨河名邸,8284.3
中央花园三期,9406.0
中央花园二期,11264.0
中央花园四期,9696.0
中央花园新城市别墅,28438.0
中央花园精一区,11859.0
中央花园金钻一期,9215.0
中央花园金钻二期,9709.0
中建华府锦城,37022.5
中建天府公馆,29274.43
中德·英伦世邦F区,27660.5
中德英伦世邦J区,31853.5
中德英伦世邦K区,33170.6
中德英伦世邦L区,12521.0
中德英伦联邦A区,27331.9
中德英伦联邦B区,30487.91
中德英伦联邦C区,26301.67
中德英伦联邦D区,28922.0
中德麓府,21716.65
中心城,12951.29
中房优山PLUS,29292.67
中房北极星花园,18357.75
中房学府海棠一期,12330.0
中房芳华美地,7224.0
中房蓝水湾,16013.0
中新横街3号,26899.0
中新街60号,22549.5
中新路13号,12275.0
中旅•名门府,20000.0
中洲·中央公园,14241.0
中洲中央公园五期御湖湾,13447.0
中洲中央公园白鹭郡,12443.0
中洲中央城邦,44403.5
中洲里程,23633.8
中洲锦城湖岸,45254.33
中海万锦熙岸,33561.0
中海九号公馆,59557.8
中海云麓世家,24195.0
中海兰庭,40427.92
中海右岸一期,22381.65
中海右岸二期,21125.25
中海名城一期,25251.62
中海名城三期,25993.31
中海城南一号一期,56860.0
中海城南一号二期,69816.86
中海城南华府,63749.5
中海常春藤花园,22798.0
中海御湖世家,43834.5
中海新华府,23342.0
中海格林威治城,27990.2
中海熙苑一期,24446.0
中海熙苑二期,19980.0
中海翠屏湾,29648.2
中海金沙府,33968.67
中海锦城一期,23401.75
中海锦城二期,22388.33
中海锦江城云熙一期,25865.28
中海锦江城云熙二期,25876.06
中海锦江城云璟,22177.0
中海锦江城花涧Ⅳ期,26761.0
中海锦江城花涧一期,28334.75
中海锦江城花涧三期,28255.0
中海锦江城花涧二期,28443.0
中海锦江壹号,26484.5
中海龙湾半岛,25382.17
中环丰锦,30040.0
中环岛,49400.0
中筑西府兰庭,27433.0
中粮御嶺湾,31420.44
中粮祥云三期,26085.0
中粮祥云二期,24089.0
中粮祥云里,27863.33
中粮锦云,30219.18
中粮香榭丽都,18022.0
中粮香颂丽都,27397.0
中粮鸿云,40592.35
中航国际交流中心,35521.0
中航城,9847.75
中莲池正街17号,20836.0
中车·共享城,29412.0
中迪创世纪,20418.0
中道街52号院,25857.0
中道街88号院,22607.0
中道街89号,17410.0
中道街99号,25355.0
中铁丽景书香,12531.07
中铁二十三局集团第三工程有限公司,7255.0
中铁二局小区,4878.33
中铁二局新城,19780.0
中铁二局玛塞城,23173.11
中铁二局电务公司住宅,12071.0
中铁伊萨贝拉,10226.67
中铁十三局住宅小区,8758.0
中铁十五局家属院,7392.0
中铁卓越城一期,22809.75
中铁双龙湾,20946.0
中铁城温江阅湖和庭,7872.75
中铁城鉴湖栖郡,8960.0
中铁城锦南汇,23589.0
中铁堰澜山,8475.2
中铁塔米亚,12536.0
中铁奥维尔一期,11767.5
中铁奥维尔二期,10353.53
中铁瑞城三号线,25128.5
中铁瑞城锦隆时代,22461.0
中铁瑞景汇中心,15742.0
中铁瑞景澜庭,16822.8
中铁瑞景茗城,9982.29
中铁瑞景茗城二期,11824.4
中铁瑞景颐城,27261.92
中铁西城东苑,27736.29
中铁西城西苑,26692.75
中铁西子香荷,29157.29
中铁西郡英华一期,15548.71
中铁西郡英华三期,9938.0
中铁西郡英华二期,11169.69
中铁诺德·观湖轩,20699.63
中铁金花国际城,20549.67
中铁银杏广场,7810.5
中铁马家公馆,27805.0
中铁骑士公馆,25082.15
中铁骑士府邸,22642.57
中铁鹭岛艺术城,28954.6
中鹏花园A区,9240.0
中鹏花园B区,9195.33
中鹏花园C区,11299.0
丰和日丽,10361.6
丰尚宜居,17149.0
丰德国际广场,14462.0
丰怡阳光,9482.0
丰怡阳光A区,10627.0
丰桥苑,7242.0
丰瑞玺悦城,12469.0
临江苑东区,20810.0
临江路36号,19341.0
临江路9号,19725.0
临河别墅,27992.0
丹桂苑(温江),6048.0
丹桂苑(高新区),15975.5
为民新居,15542.0
为民新村,10293.0
为民路45号,13108.0
为民路47号,10644.0
为民路49号,9402.0
为民路89号,12603.0
为民路新30号,12940.0
丽景东湖,5366.0
丽景华庭一期,16468.0
丽景华庭二期,13774.29
丽景天成,24272.0
丽景欣城三期,8355.0
丽景欣城二期,7320.0
丽景苑,14149.0
丽景馨苑,8704.0
丽水澜庭B区,12266.0
丽水金都,9520.0
丽泉江南,13366.0
丽百居,12283.0
丽都世家A区,24207.38
丽都世家B区,22476.6
丽都帝景,17567.83
丽都新城一期,11651.0
丽都新城三期,11651.5
丽都新城二期,11363.0
丽都花园丽府,26595.29
丽都首府,26657.33
丽鑫苑,11101.0
丽阳天下,20626.0
丽阳星座,12359.0
丽阳晶舍,8546.0
丽雅美锦,7207.0
久鑫华园(交大路),10368.0
乐古浪,10191.0
乐天圣苑,35141.83
乐摩筑,16625.5
乐视界广场,13928.0
九千朝阳(夏家巷),4413.33
九千生活区,6226.0
九寨沟县干休所,9653.0
九峰·东方明珠,10911.4
九峰国际,20331.4
九峰花园,13409.0
九形道,13211.0
九里园,12117.0
九里堤中路52号院,10930.0
九里堤南路99号,10720.0
九里小区,11536.0
九里教师苑,11105.0
九里欣园,10326.0
九里苑(星辰一巷),11029.0
九里西苑,14106.33
九龙仓御园三期,30094.0
九龙仓御园二期,29799.5
九龙仓擎天半岛,32771.0
九龙仓时代上城,21113.0
九龙仓时代小镇,17823.53
九龙仓时代小镇1号府邸,17484.75
书南巷23号,4419.0
书南巷63号,6153.0
书香别院,6342.55
书香府邸,11867.0
书香府邸二期英伦,13474.69
书香秀筑,6940.86
书香门第,14169.0
书香院,5565.71
书香雅筑,6744.0
书香雅舍,11054.67
事和苑,4966.0
二十一世纪花园一期,17635.12
二十一世纪花园三期,18798.33
二十一世纪花园二期,17849.5
二十一世纪花园四期,18215.0
二环路东三段27号,10507.0
二环路东四段426号,11047.0
二环路北三段121号,11195.0
二环路北三段191号,5958.0
二环路北四段4号,14144.0
二环路南二段27号,13233.0
二环路西一段55号,13776.0
二环路西三段24号,10951.0
二环路西三段93号,9971.0
二环路西二段104号,9532.0
二环路西二段119号,8728.0
二道桥街69号,13063.0
二道桥街72号,12614.0
二道桥街74号,13493.0
二重嘉苑,12749.4
云天小区,11204.5
云影苑,17184.83
云水苑,20693.5
云翔远景,18592.0
云翔金谷,11980.0
云锦城市花园,20593.0
云龙荟云龙阁,55974.0
互利西一巷4号,12393.0
互助路,11218.0
五丁苑,20394.0
五冶社区,10860.0
五合苑,13499.0
五四小区,6644.67
五彩城,11103.73
五彩林堤,44213.5
五星蕊园,12000.0
五洲花园,26720.33
五环假日广场,8565.0
五福佳苑,13654.0
五福桥东路8号,10444.0
五福花园,12776.5
五福苑(锦江),11189.0
五角大楼,4859.5
亚丁小镇,10276.0
亚光小区,15663.0
亚太广场,12244.0
交大万嘉季柳园,10182.89
交大万嘉樟菊园,10107.43
交大万嘉蓉杏园,11128.0
交大万通格外,21163.0
交大云堤,15671.2
交大北园,13889.0
交大南园,11112.0
交大卡布里城,11600.94
交大广厦小区,10804.67
交大庭院,15001.67
交大归谷国际社区,24522.5
交大归谷建设派,22475.8
交大归谷楠岸,16957.0
交大怡家,5682.0
交大智能一期南苑,11068.0
交大智能三期,11950.0
交大智能九期,15303.33
交大智能二期,13659.33
交大智能五期,14282.75
交大智能八期,11104.0
交大智能六期,10145.5
交大智能四期,13796.6
交大梦家,20394.8
交大绿岭一期,21010.0
交大绿岭二期,19367.5
交大花园武侯小区,10594.67
交大路199号附8号,14366.0
交大靓典,18564.0
交大香悦,11817.5
交大香洲半岛南庭,11374.92
交子公寓,14515.5
交桂一巷11号,10019.0
交桂二巷21号院,11013.0
交桂巷8号院,10733.0
交警宿舍,12109.0
交通巷21号,12152.0
京都印象,20005.0
京都大厦,13432.0
京龙名苑,8626.33
京龙嘉苑,11369.0
亲河名居A区,8872.0
亲河名居B区,8931.0
亲河名居C区,8307.0
亲河美地,9935.0
人和世家,8920.67
人和园,12239.0
人和逸景,12404.25
人居东城花汇,20040.0
人居东湖长岛,38403.25
人居天府汇城,39148.0
人居盛和林语北区,37977.78
人居盛和林语南区,34965.08
人居花照云庭,29098.8
人居都市阳光,13387.48
人居锦尚春天A区,17975.82
人居锦尚春天B区,18814.3
人民中路一段12号,61255.0
人民中路一段5号,29923.5
人民南路一段118号,17008.0
人民南路四段20号,14906.0
人民南路四段51号,12017.0
人民南路四段59号,10577.0
人民南路四段7号,12738.0
人民南路四段9号院,15099.33
人民法院宿舍,6929.0
人民的公园,11220.0
人民西路107号,15622.0
仁和世代春天,21639.5
仁和春天国际花园,46531.0
仁和迎宾,16630.25
仁和金沙,20615.0
仁恒滨河湾三期,49979.0
仁恒滨河湾二期,46491.17
仁美大源印象,24845.0
今日家园,13384.0
今日润园,15780.0
今日田园,10714.5
今日花园,8890.1
今日靖园,12312.0
今阁公寓,11535.0
仙湖公馆,21204.0
伊泰天骄,67659.0
伊甸阳光,19729.75
众合北尚,9541.0
众合华庭,15732.0
众合西景,13819.0
优取舍,11198.0
优品尚东,19400.5
优品尚东三期,21022.75
优品时代三期,17035.2
优品道一期,29245.25
优品道三期,30066.5
优品道二期,29353.67
优品道四期曦岸,37124.0
优品道央作,33716.6
优品道珑苑,16986.83
优品道锦绣,28017.0
优品道锦绣南区,21915.0
优地A区,19357.0
优地B区,17708.0
优客联邦一期,18965.5
优客联邦三期,22307.0
优客联邦二期,18920.75
优派立方,11140.2
优诗美地,6401.0
会所花园,13600.5
会所金澜苑,20794.0
传化国际新城,10832.92
何公路86号,5605.0
佰客郡,12895.8
佳乐国际城一期,15201.57
佳乐国际城三期,12681.8
佳乐国际城二期,13920.0
佳乐澜郡夏宫,13105.67
佳乐澜郡左岸,11211.0
佳兆业8号,17754.33
佳兆业丽晶公馆,15918.94
佳兆业丽晶港,16451.34
佳兆业君汇上品,22171.58
佳兆业威登郡,16917.29
佳兆业广场,21298.6
佳兆业悦府,10635.67
佳兆业现代城,7548.0
佳兆业西城广场,22668.07
佳利花园一期,12611.0
佳利花园三期,16794.0
佳年华广场一期,22182.0
佳年华新生活,15697.14
佳年华新生活A区,13703.7
佳禾永福,11724.0
佳禾雅筑,6515.0
佳美榕苑,12871.0
佳美花园,15215.5
佳顺苑,12915.0
依云,14282.33
俊发时光俊园,28116.0
俊发星雅俊园,14985.29
俊翔府邸,4115.67
保利两河森林,33407.17
保利两河院子,34195.67
保利中心,31823.91
保利公园198丁香郡,13238.94
保利公园198玫瑰郡,11877.94
保利公园198百合郡,11619.33
保利公园198蔷薇郡,13311.73
保利公园里,19984.22
保利叶语,21495.97
保利国宾首府,24450.0
保利国宾首府二期,22258.0
保利城一期,14575.21
保利城三期,15241.95
保利城二期,15400.17
保利城四期中央郡,15746.25
保利堂悦,34008.56
保利大都汇·君汇,21470.17
保利大都汇璟汇,23111.22
保利天和,20099.0
保利天汇,17352.0
保利天玺,19755.67
保利天空之城云曜,25043.33
保利天空之城云珀,27431.0
保利天空之城云锦,25664.22
保利学府城,21153.17
保利康桥,47098.73
保利心语花园三期,40378.17
保利心语花园二期,42530.5
保利心语花园四期,37766.11
保利拉斐云邸,13425.82
保利拉斐公馆,14596.91
保利星荟,12563.0
保利春天花语,16772.2
保利林语溪一期,17886.33
保利林语溪二期,17038.75
保利梧桐语,19543.13
保利海棠花语,17749.78
保利湖心岛碧湖苑,14017.0
保利熙公馆,11629.5
保利爱尚里,15789.5
保利狮子湖檀香郡,12350.5
保利狮子湖红杉郡,13069.75
保利狮子湖香樟郡,12199.96
保利玫瑰花语,18647.2
保利百合花园,47340.58
保利紫荆花语,13607.84
保利紫薇花语,18129.7
保利花园一期,27682.0
保利花园三期,28518.5
保利花园二期,27998.33
保利花园五期悦榕郡,26027.0
保利花园四期,27991.14
保利贝森公馆,35342.0
保利郁金香谷,17822.0
保利金香槟,23608.83
保利锦江里,22504.88
保利锦湖林语北区,45926.0
保利锦湖林语南区,42129.0
保利香槟光华,26420.69
保利香槟国际,17245.03
信合花园,6861.0
信地兰卡威,10540.0
信用社一宿舍,9287.0
信用社二宿舍,11391.5
信用社宿舍,8104.0
信苑,15955.0
倍特科技苑,10909.0
倍特金杏苑A区,14764.0
倍特金杏苑B区,19982.0
倪家桥路10号,15910.0
倪家桥路8号,12738.0
健生翡翠港,5952.0
傲城,14201.61
元益花园,17759.0
元通一巷11号,10364.0
光华园(温江),8754.0
光华国际,15982.5
光华壹号,25575.67
光华尚居,24898.0
光华岁月二期,20979.33
光华杏林,14310.83
光华欣苑,28853.5
光华瑞廷,13314.2
光华碧邻,21205.87
光华美邻,24041.44
光华苑一期,12487.0
光华苑小区,6653.0
光华街1号院,29205.5
光华逸家,26512.32
光华锦苑,27206.2
光华馨地,15817.0
光华馨庭,15189.0
光明巷7号,10631.0
光荣北路75号,12957.0
光荣北路86号,10374.5
光荣北路89号,10884.0
光荣市场公寓,7632.67
光荣西路58号,8794.0
光荣西路65号,10132.0
光荣西路73号,7697.0
光辉岁月,15477.0
全兴花园,15406.25
八二宿舍二区,10810.0
八二新区,9467.0
八里苑,8170.0
八里阳光,14783.67
公元西,25861.5
公园1号,12893.67
公园世家,8159.88
公园壹号,9876.0
公园大道,12641.26
公园峰景,10008.0
公园榕郡,11376.45
公园路132号,4023.0
公平巷23号,27925.5
公馆1881,36227.0
六九宿舍,11429.0
六月花苑,27072.0
六菱小区,16098.0
兰亭半岛,11968.0
兰园,10380.5
兰枫园,11783.7
兰桂苑,10602.0
兰桂香林,6482.0
兰桥尚舍,24441.0
兰苑雅居,14732.0
共和路2号,16667.0
共和里3号,19953.0
兴亿小区,9442.0
兴元丽园A区,13131.67
兴元丽园B区,11930.0
兴元丽都,17333.5
兴元华盛一期,13192.71
兴元华盛三期,14484.8
兴元华盛二期,14769.86
兴元嘉园,11956.6
兴元绿洲一期,12595.64
兴城佳域,12176.0
兴想花园,13650.5
兴盛世家A区,13860.0
兴盛世家D区,12372.0
兴秀丽景,7700.0
兴蓉佳苑,12215.0
兴蓉南二巷1号,11398.0
兴蓉南二巷7号,11215.0
兴顺花苑,15186.0
军安卫士花园,19181.0
农商银行宿舍,19994.5
冠城花园一期,22235.0
冠城花园三期,20755.0
冷霸小区,4728.0
冻青树街52号,13095.0
冻青树街70号,11450.0
净居寺南街198号,13349.5
凌江尚府,15224.5
凌熹苑,11287.0
凌远花园,9957.0
凤凰1号•栖云湖,8089.87
凤凰傲城,11836.0
凤凰傲城二期,12813.0
凤凰名城,6464.2
凤凰小区,3892.6
凤凰山1号,12227.17
凤凰林溪郡,12948.57
凤凰栖,16274.5
凤凰栖岸,14259.0
凤凰湖国际社区,8609.57
凤凰盛景,7599.0
凤凰铭筑,4086.41
凤栖桐,25113.0
凤溪大道社区金强会所,8649.0
凤翔华庭,12104.0
凯丽豪景,25417.8
凯乐碧园,13491.0
凯华丽景,16719.25
凯德世纪名邸,41450.22
凯德世纪名邸东庭,45123.82
凯德卓锦万黛,17172.0
凯德天府,29934.0
凯德风尚,24996.62
凯悦新城,13051.5
凯斯顿华府,7584.18
凯旋国际,4712.0
凯瑞花都,15665.67
凯莱丽景,5553.29
凯莱丽景雅筑,18799.4
凯莱帝景,14862.0
凯蒂阳光,15593.0
创业南街94号,7616.0
创意山,11559.5
利通出水芙蓉,16708.0
利通天鹅堡,10056.31
利阳阿里山,9884.0
前锋小区,11684.67
前锋空港国际,17025.5
力合上域中央,6922.55
力迅领筑,14485.75
加国枫韵,10010.0
加怡名城,14595.0
加贝书香尚品,13284.0
劲力蓝色理想,9638.68
勤俭巷75号,5723.0
包家巷127号,30346.0
包家巷16号,31250.0
包家巷77号,29815.0
包家巷82号附1号,27008.0
包家巷99号,24954.0
化工院,9068.0
化成街10号,9645.0
北一街小区,12813.0
北京城建龙樾湾,16384.59
北京城建龙樾熙城,22274.0
北京城建龙樾熙城二期,22297.0
北回归线一期,14834.6
北回归线二期,15684.0
北城新界民族花园,5372.5
北城映像东区,8795.89
北城首座,13352.0
北大花园,19073.0
北大资源公园1898,25219.5
北大资源燕楠国际,18596.29
北大资源燕楠国际三期,19112.75
北大资源紫境府,29899.44
北大资源颐和翡翠府,27068.4
北庭春天,9020.8
北庭阳光,7817.0
北延风景,11153.0
北成星中心,19218.0
北打铜街,13788.0
北斗七星城,12530.17
北新上锦,13893.88
北新国际广场,12760.33
北新润苑一期,13753.0
北新润苑二期,14174.58
北新苑,18091.0
北新路118号,7277.0
北新路289号,5637.0
北星城,15993.75
北欧印象,13310.2
北欧知识城一期,12535.54
北欧知识城二期,12792.28
北湖龙珠,12076.33
北湖龙郡,13917.33
北站东二路11号,10831.0
北站东二路7号,9151.5
北街21号,4390.0
北辰南湖香麓,23372.79
北辰朗诗南门绿郡,36615.1
北辰朗诗南门绿郡二期,37780.5
北辰美庐,22425.0
北辰花园,11755.0
北辰香麓,41159.85
北部桂庭,9595.67
北顺城街39号,20290.0
北领峰尚,11968.0
十七巷3号,15554.0
十二桥路20号,20238.0
十二桥路34号,20007.0
十五北街8号,12088.0
十陵小区,8322.5
千和沁香华庭,15462.0
千和茗居,14350.0
千和银杏花苑,13173.0
千和馨城,14261.86
千喜鑫城,7470.0
千居朝阳,17612.67
千禧河畔A区,15793.29
千禧河畔B区,18155.25
千禧河畔C区,15800.83
千禧河畔D区,15184.6
千禧花园,13453.0
半岛云著,9871.12
半边街新居西区,12286.0
华严小学,4887.0
华丰园,9493.5
华丰园一期,7223.0
华丰庭园,6294.0
华丽花园,7213.0
华侨公寓,6600.0
华侨凤凰国际城,10786.8
华侨城东岸一期,32291.4
华侨城东岸二期,38204.0
华侨城原岸,19915.44
华侨城天鹅堡,28040.5
华侨城纯水岸208区,35918.33
华侨城纯水岸一期,25658.77
华侨城纯水岸二期,26545.2
华兴上街15号,11928.0
华兴家园,9255.0
华兴新居,14230.0
华兴苑B区,8203.0
华协苑,11590.0
华固一品,19439.5
华城雅居,9647.0
华夏之家,10695.0
华天阳光,13394.5
华宇嘉苑,18330.0
华宇天府花城,11377.64
华宇天府花城二期,12334.5
华宇广场,25171.33
华宇旭辉锦绣花城,18141.17
华宇楠苑,25667.89
华宇蓉国府,29181.17
华宇西城雅郡,16618.0
华宇阳光四季,17081.0
华宇阳光尚座,16825.33
华宇阳光水岸,17063.58
华宇静苑一期,28770.0
华宇静苑二期,25790.22
华安小区,7119.0
华宜上锦,21629.0
华宜铂仕公馆,17835.0
华尔兹广场(武侯),14092.0
华尔道,12684.0
华川小区,9793.71
华府世家,22684.33
华府双楠,20823.5
华府幸福城,9455.0
华府幸福城A区,9485.18
华府悦璟,9696.0
华府西苑,32178.0
华府金沙,27355.5
华建装饰公司宿舍,8690.0
华房苑,11803.0
华敏世家花园,40402.5
华新商厦小区,10849.0
华新大院,9995.33
华新花予墅,14459.0
华明家园,13062.0
华明居,16945.0
华明庭院,14080.0
华晨雅庭,16752.0
华林南苑,14529.5
华林西苑,12482.0
华民逸园,28173.5
华汇天地,21371.36
华油苑,14041.5
华洲名城尚院,7851.67
华润东原时光绘,10736.0
华润二十四城一期,25778.55
华润二十四城七期,32047.38
华润二十四城三期,33713.4
华润二十四城二期,33707.28
华润二十四城五期,28467.0
华润二十四城六期,31130.0
华润二十四城四期,30146.42
华润云庭,18259.21
华润公园九里,18817.29
华润公园九里三期,17489.67
华润凤凰城一期,34675.4
华润凤凰城三期,45185.11
华润凤凰城二期,38574.56
华润凯旋天地,23395.0
华润国际社区,17806.14
华润幸福里一期,33425.0
华润幸福里二期,30125.33
华润时光里,11919.5
华润橡树湾A区,18721.84
华润橡树湾B区,16719.03
华润润府,28990.5
华润置地悦玺,35405.0
华润置地自在域,13521.75
华润翠林华庭,24582.0
华润金悦湾,33036.92
华润银杏华庭,25586.75
华润龙湾御府,14279.12
华熙528艺术村盈都,31709.0
华熙528艺术村锦都,30541.71
华电家苑,5748.0
华腾舒云居,17887.5
华西园,11951.0
华西大厦,10790.0
华西怡园,15984.0
华西美庐,17071.0
华西花园一期,14007.67
华西雅筑,17803.5
华贵苑,11392.0
华逸花园(华逸路),5267.58
华逸花园新都苑,5727.0
华邑宸熙,18036.5
华邑阳光里,16323.04
华都云景台,26692.0
华都星公馆一期,10465.67
华都星公馆二期,16253.0
华都美林湾,21437.5
华金大道三段39号,5137.0
华金大道三段85号院,5692.0
华金大道二段418号双子座,4692.0
华金大道二段769号,5045.0
华金大道二段898号,6736.0
华鑫家苑,8588.0
华银美景,17440.87
华阳大道二段208号,8464.0
华阳大道二段273号,10082.5
华阳建安公寓,10643.5
华阳教师苑,12122.0
华阳滨河花园,14176.5
华阳花苑,12711.0
华韵天府,28543.0
华馨名屋,13694.0
协信中心,28343.0
协信天骄城,7718.56
协信星鹭原,10741.0
协和村12号,13060.0
协和村20号,10950.0
卓越珑樾府,34966.0
卓锦城一期,18554.0
卓锦城三期,21673.2
卓锦城二期,22084.0
卓锦城五期,26073.17
卓锦城六期,28098.07
卓锦城四期,23931.33
南丰紫金苑,7470.33
南丰花园,6829.5
南丰花园-,3741.0
南丽湾,12137.5
南亭二巷40号,7807.0
南兴巷117号,6987.67
南兴巷3号,6740.0
南兴巷94号,5460.0
南华佳苑,18951.5
南城都汇汇尚园,32041.05
南城都汇汇彩园,37481.2
南城都汇汇晴园五期,30788.0
南城都汇汇智园二期,30698.71
南城都汇汇朗园五期,31024.0
南城都汇汇翠园一期,28969.11
南城都汇汇雅园二期,29172.0
南城都汇汇馨园三期,31049.75
南城锦尚,14672.0
南城香山,11712.67
南府锦,19657.0
南延新苑,22228.67
南延线蔚蓝卡地亚,30607.5
南新街25号,25514.0
南方半岛花园,14539.0
南方花园,16618.0
南晶国际南庭,29153.5
南桥新居A区,12881.0
南桥新居B区,12997.0
南桥春天,18099.0
南桥视窗,15504.75
南棠蜜邸,16143.0
南河路一段,20625.0
南河路一段270号,9928.0
南洋公寓(成华),9429.0
南浦路东段5号,7420.0
南港家园,10296.5
南湖世纪,20889.82
南湖半岛,19254.38
南湖国际社区,19454.47
南湖国际社区一期,20507.62
南湖左岸,21859.83
南玻公寓,10402.0
南糠市街48号,18603.5
南苑(成华),13323.5
南苑小区A区,41622.0
南苑小区B区,39151.0
南街一巷18号,4730.0
南街一巷9号,5518.0
南钻威尼斯,29435.5
南铁新居,15338.0
南阳小区南区,7628.5
南阳盛世,17051.75
南阳盛世二期,17559.1
南阳锦城,15082.89
南阳锦城四期,14076.0
南阳锦城楠枫阁,11438.0
南阳锦城锦绣阁,10025.0
南阳锦城香樟阁,10119.0
南馨园,15264.0
博园世家,7203.5
博海城二期,13520.25
博海锦城,9655.0
博瑞都市花园,26250.5
博闻时代锦汇,18927.0
博雅丽景,7941.33
博雅庭韵,19022.0
博雅新城A区,9982.1
博雅新城B区,8660.33
博雅新城C区,9692.4
博雅新城D区,8473.4
博雅馨地,15614.0
卡斯摩广场,15053.5
卡碧蓝湾,12412.0
卧龙晓城,14721.0
卧龙谷壹号,31566.2
卫居苑,12793.0
卫欣苑,11725.5
卫生队宿舍,6449.0
卫雅苑,12890.5
印象金沙,19141.4
原山别墅,13254.0
原野庄园,5556.0
友盛上都,14431.0
友谊小区,4084.0
友谊苑(温江),7162.0
双丰聚苑,11380.0
双兴家园,9339.5
双华南路8号,11955.0
双华精装年,10018.0
双华麓港,20115.88
双发金英汇,22292.71
双吉社区48号院,16330.0
双和社区48号院,15515.0
双园巷1号,11289.0
双城,20148.0
双城维拉小镇,10629.67
双庆路45号院,9970.0
双庆路49号,10483.0
双林中横路8号,11288.4
双林二巷4号,12058.0
双林路136号,13544.0
双桂社区36号院,15602.0
双桥路171号院,9781.0
双桥路240号,14282.0
双桥路252号,9532.0
双桥路南四街,13843.0
双楠一区,9083.0
双楠三区,11309.33
双楠二区,9743.0
双楠偶寓,14945.5
双楠华苑,14332.0
双楠名城一期,14963.0
双楠名城二期,15762.33
双楠回归线,14585.5
双楠府邸,16951.0
双楠忆景,21008.33
双楠所有阳光,16646.0
双楠教师公寓,11031.0
双楠映象,16128.25
双楠港汇广场,12418.0
双楠花园,13898.0
双楠融域,14309.0
双楠谊苑一期,13042.5
双楠谊苑二期A区,15028.0
双楠谊苑二期二区,14829.0
双楠风景一期,16010.0
双樱阁,11551.0
双水康城A区,9792.5
双水康城D区,10146.5
双流区教师公寓,9496.0
双流区财政局宿舍,8489.0
双玺,23508.0
双都会,17920.0
双陆公寓,11371.0
双顺路4号,12370.0
叠翠城,29124.5
叠翠峰,23070.75
叠香庄园,15437.5
合作安置小区,10024.0
合力达卓越南城,16688.12
合力达新锐,8200.0
合景格林春天,8913.5
合江亭花园,19838.5
合江苑,6470.0
合能四季城一期,13700.73
合能四季城三期,13052.33
合能四季城二期,13825.81
合能枫丹西悦,12055.5
合能枫丹铂麓一期,19627.58
合能枫丹铂麓三期,23557.62
合能枫丹铂麓二期,26398.17
合能橙中心,13307.82
合能珍宝玲珑,15190.75
合能珍宝琥珀,13714.44
合能珍宝琥珀三期,15385.78
合能珍宝翡翠,17878.25
合能珍宝金楠,22316.67
合能珍宝锦城,11023.5
合能璞丽,35805.8
合能耀之城,21168.67
合能西贵金沙,31682.0
合能锦城,20809.25
合谊乐湖,21148.5
合谊同华,8960.36
吉力名苑,5321.0
吉宝凌云峰阁,39458.0
吉祥佳苑,19023.0
吉祥花园,7558.0
吉祥苑(青羊),14918.0
吉祥街14号,18391.5
吉祥街23号,14640.0
吉祥街39号,21827.0
吉绿苑,12114.0
吉顺苑,13008.0
吉馨苑,13170.5
同仁公寓,15853.0
同善桥横街8号社区,13640.5
同心苑(金牛),12031.0
同森锦熙,11302.07
同泰千叶郡南区,13274.75
同湾春晓,3886.6
名人苑,17541.0
名城金典,17681.5
名士公馆,19499.67
名景园,12098.0
名流花园,7772.0
名著司南,23291.86
名都苑,14265.75
向阳名居,13379.0
向阳小区,12377.67
向阳花园A区,7439.0
向阳花园B区,7950.0
向阳茗苑,8716.5
向阳街98号,9074.0
向龙小区,11079.25
君临天下,17928.75
君和源,17806.5
君平巷9号,14574.0
君平街,17498.0
君怡苑,8132.0
君悦中央一期,11609.0
君悦领地,15970.0
君雁优禾,10029.4
君雁金梧桐,18449.0
听城,22497.5
听湖九园,8758.0
启明公寓,19554.0
启明花园,7112.5
启明西苑,12067.0
吴家坝中街46号,8233.5
吴家坝北街154号院,6602.5
吴家坝北街68号,9834.0
吴家坝南街53号,7917.0
和信孔雀天成,13151.16
和信沪丰领地,13192.0
和信派都,18840.17
和信融锦云湾,24788.0
和信香榭澜郡,11219.75
和信龙腾府,10718.0
和平小区,6590.0
和平路199号,11229.0
和平路45号,8535.0
和平锦苑,14753.0
和悦美居,7860.0
和昌家苑,6924.0
和泓东28,20360.5
和泽苑,10265.0
和润国际,9835.0
和盛花园,4267.0
和睦人家一二期,15644.0
和睦人家三期,18817.0
和睦新天地,16194.0
和美家园二期,11453.0
和谐家园,14048.0
和谐小区(温江),6602.5
和贵久居福,14506.79
和贵南山上,27295.0
和贵时代巢,12151.0
和贵蜜巢,19706.0
和音晶座,8572.25
和韵美联墅,7974.57
和馨苑,5029.0
和鸿天府金花,14066.0
品润金樽府,9546.67
哥德堡,12831.27
唐昌镇大云村3社,2827.0
唯特郡,14369.0
商业前街67号,7000.5
商业后街1号,6783.0
商业街25号,44633.0
商业街41号,36607.0
商鼎国际,14599.83
喜丽佳园,16375.5
喜年广场,25075.0
嘉云台,11463.5
嘉信花园,12914.5
嘉信苑,4910.0
嘉合凤凰岛,10566.65
嘉合苑,8681.0
嘉和世纪城,8616.56
嘉和丽景(政府北路),6149.71
嘉和园一期,12753.0
嘉和瑞景,7883.52
嘉宇天琢城,13578.0
嘉年华国际社区,23785.11
嘉年华青年城,11634.86
嘉恒商寓,8317.0
嘉楠美地,21028.5
嘉洲华府,12122.0
嘉源红郡,8543.0
嘉瑞国际,11617.5
嘉瑞苑一期,14864.0
嘉瑞苑二期,16408.5
嘉祥瑞庭南城,29319.5
嘉福公寓,6103.0
嘉美华凯,12531.67
嘉美地,19163.4
嘉通云尚,20380.5
嘉通云玺,10319.5
嘉逸花园,19367.33
四季宜家,4930.5
四季家园,15784.0
四季康城,14175.18
四季映像,14673.08
四季春天,13004.0
四季花乡,7822.0
四季花城,19650.2
四季花语,9072.0
四季豪庭,5815.0
四季豪廷,11724.0
四季金悦,16999.71
四季长春A区,14339.0
四季长春B区,14706.0
四季香榭,15227.0
四川省农科院宿舍(成龙路),11971.0
四川省工业贸易学校,7548.5
四川省社会科学院,23797.5
四川省遥感信息测绘院宿舍,7558.0
四川路桥宿舍,9989.0
四方生态花园,8515.0
四海逸家一期,39402.75
四海逸家二期,52647.38
四道街15号,14211.0
四道街1号,15307.0
团结小区,10640.0
团结巷62号,6745.0
团结花园,5326.0
园丁嘉园,10194.0
园丁园,14630.33
园中园北苑,10810.33
国一剑桥丽景,9272.8
国一澳乡,15753.67
国信滨河雅居,29011.67
国光九街坊,11250.0
国光揽悦,9112.0
国光苑,11424.0
国嘉新视界,19673.25
国嘉美领居,19367.67
国土园宿舍,8102.0
国土局家属院,8037.0
国奥村,18766.89
国宾时光汇,18150.5
国悦公寓,9184.0
国栋南园五星城,14909.25
国栋南园贰号,14033.33
国润天骄,17184.0
国税局宿舍(龙泉驿),6589.0
国际花园,17478.38
国龙花园,5721.67
圃园南二路6号,11011.0
圃园路5号,11632.5
圣安卓花园,19527.0
圣景苑,7393.0
圣桦公馆,9525.0
圣谕亭巷85号,5050.0
圣采泊尚,15578.64
地源吾舍,16020.0
地矿人家,6915.0
地铁首座,13641.0
均隆街70号,16111.0
城东雅郡,20486.33
城北优品道,14306.33
城北小区(金牛),11595.0
城北小区(青白江),4261.0
城北巷89号,7426.0
城南名著,18863.22
城南坡四期,9815.0
城南春天,13314.0
城南晶座,19855.29
城南驿站,19695.0
城市博客C城,16781.0
城市家园,9275.5
城市春天,30732.8
城市物语,21872.5
城市理想,26448.33
城市绿舟花园,12781.33
城市花园(红阳路),5508.14
城市阳光,10958.0
城投东庐,16557.67
城楠映象,17848.0
城西公寓,19063.0
城西故事,13649.0
城西阳光,10675.0
城隍东巷44号,10106.0
城隍商筑,6746.0
城香首府,5542.0
培华东路1号,8677.0
培风小区200号,11618.0
培风小区80号,11267.83
堤亚纳河谷,14735.4
塔子山壹号,33629.62
墨香府邸,18481.0
壹中心,13835.67
壹品檀国际社区,8378.0
复地御香山3悦,26325.07
复地金融岛,56269.2
复地雍湖湾,35257.83
复城国际,10181.5
外化成五里墩东二巷9号,9530.0
外化成五里墩中二巷3号,10251.0
外化成营康西路65号,10797.0
外曹家巷23号,9852.0
外曹家巷49号,9874.0
外滩,25210.26
外经委单位房,13934.0
多子巷13号,27563.0
多子巷21号,35693.0
多子巷25号,32068.5
多子巷28号,21436.0
多弗国际中心,19207.75
大华情融苑,15568.5
大华水映岛,13950.91
大南街138号,4471.0
大发百度城,10379.0
大地城市脉搏,24544.0
大地新光华广场,6343.5
大地锦苑,17941.0
大城际,20534.75
大墙东街178号,10963.0
大学路10号,24269.0
大庆蜀苑,6917.09
大庆路93号,9223.0
大庆路97号,10544.0
大弯北路88号院,5947.0
大弯学府雅园,5711.58
大慈寺路30号,35020.0
大成公寓,9095.0
大成天府景秀一三期,10707.5
大成天府景秀二期,9739.5
大成郡,17501.09
大有巷1号,24939.0
大源南二街5号院,13405.0
大源国际中心,22414.0
大源欢乐颂,30377.0
大王钰城,26337.0
大田坎街91号,15872.0
大石东路1号,17358.0
大石东路5号,16499.0
大石东路右三巷5号,17738.0
大石南路36号,9978.0
大石南路40号,12110.0
大石西一街2号,11795.0
大石西路36号,24887.0
大石西路60号,18122.0
大蜀都苑,5838.0
大观苑三期,12168.0
大观苑二期,11130.67
大观里12号院,12108.0
大观里7号,9536.0
大邦第1城,5907.13
大都保峰玖著,12053.0
大陆美地西庭,14826.5
天仙桥北路16号,14077.0
天仙桥滨河路3号,17803.0
天伦家园,8941.0
天元山庄一期,7305.0
天兴小区,8948.0
天创·蓉耀,55259.0
天合凯旋城,27700.7
天合凯旋天际湾,32562.33
天合凯旋港,13149.5
天合苑,11659.5
天和国际,17028.0
天地云庭,18954.0
天地晨光丽景,14203.0
天地自由星城,20561.0
天地芳苑,13136.67
天府万科云城,11300.0
天府上河居,5493.0
天府世家,49389.78
天府云城,11140.0
天府南苑,9482.0
天府名居,22260.0
天府名居金沙江苑,26446.33
天府名苑,10168.67
天府小区,5441.0
天府明珠花园,7622.5
天府欣苑东区,44490.0
天府欣苑西区,46604.67
天府欧城,8544.66
天府江南A区,9420.4
天府江南B区,11052.5
天府江南C区,11215.0
天府石油乐园,7970.0
天府美岸,22964.54
天府花园,16667.0
天府花园三期,14164.0
天府花园二期,42571.0
天府苑,4293.0
天府豪庭,30010.33
天府逸家一期,16891.93
天府逸家二期,17271.6
天府长城丽日清风,27455.0
天府长城嘉南地,28244.33
天府长城图南多,31227.0
天府长城柏南郡,30374.67
天府雅居,5525.0
天府香城,8364.33
天府香城印象,10634.45
天建院,5892.0
天彩菁华,12647.5
天悦城,19351.0
天悦府,55482.5
天悦龙庭,22526.89
天悦龙栖台,12013.83
天成街,19054.0
天投·东鑫苑云筑,22626.4
天投东鑫苑云熙,22605.0
天投东鑫苑云璟,23867.25
天投北鑫苑,36691.86
天投北鑫苑南区,44396.27
天旭逸城二期,7521.0
天星月影丨月影湾,57990.0
天晨花溪碧,11128.4
天朗锦邸,21499.67
天来国际文化广场,12937.0
天来汇景,14812.29
天泉酒店,6323.0
天润青桐小镇,6462.5
天涯南苑,21638.5
天涯庭苑,29854.2
天涯石南街36号,26228.0
天然居,8122.0
天玑幻影,72520.0
天璟荟,15875.0
天生小区,7691.2
天生路155号,8214.0
天盛壹中心,11795.5
天盛花苑,13180.0
天盛驿都锦绣,9721.33
天目中心,11853.0
天祥大厦,13883.0
天祥广场尚府,22553.67
天祥街70号,10462.0
天空城,17452.44
天立广场,11014.0
天立香缇华府,13679.83
天紫界,19691.56
天羽揽月轩,20333.0
天茵苑,8644.0
天誉南庭,38632.25
天誉花园,42872.73
天赋龙庭,11600.6
天赐江陵半岛,12548.67
天赐苑,7974.0
天越,26977.0
天邑华庭,15039.5
天邑宏御花园宏苑,9963.5
天邑宏御花园御苑,9801.0
天邑宏御花园邑苑,9203.0
天邑花园,18522.25
天际首府,15657.67
天韵金沙榕苑,22355.0
天香苑,9962.0
天骄星城翰林院,6477.29
天骄苑,10905.0
天鹅星座,14504.0
天鹅湖北苑,17291.13
天鹅湖花园,18521.2
天龙瑞景,10568.5
太升北路31号,10018.0
太升北路33号,11190.0
太升北路54号,12423.0
太升北路5号,10868.0
太升南路173号,14619.0
太升南路51号,10495.0
太升大厦,9742.5
太平南新街104号,10707.0
太平盛世B区,11481.0
太禾水晶城,12904.0
太阳公元一期,31261.83
太阳公元二期,31577.5
太阳门,9636.5
央墅圣卡西亚,24129.0
央墅蓝卡斯特,23701.67
央湖名邸一期,33208.4
央湖名邸二期,31372.0
奎星楼街14号,18520.0
奎星楼街16号,20462.0
奎星楼街25号,19340.0
奎星楼街53号,18029.0
奥克斯广场,32296.4
奥园公园府邸,24491.17
好日子花园东区,8781.0
好望角,8496.0
好莱坞商业广场,7989.0
如意人家,13727.5
如意大道50号,5947.0
妇联花园,3570.0
威兰德小镇,14162.82
学之苑,29546.0
学府嘉苑,11070.22
学府园,8996.0
学府春,14637.5
学府美地,8471.0
学林雅苑,21307.71
学道街111号,32712.67
学道街42号,27645.0
学道街64号,25729.0
学道街76号,25826.0
宁和苑,8190.0
宁江社区,9964.8
宁馨园,26349.0
宇众悦城,11277.86
宇众悦府,17320.5
宇众曼城,9850.0
守经街,18947.0
守经街6号,19228.0
安信花园,15244.29
安全巷7号院,4061.0
安居苑(温江),6607.67
安居苑(金牛),10580.5
安居西苑,3892.0
安庆苑,10578.0
安纳西时光,7538.0
安蓉路12号,9979.0
宏信南樾,20852.0
宏恩康城,5584.67
宏昌佳苑,10324.0
宏济新路95号,13819.67
宏源新居,12885.0
宏瑞阳光郦城,6387.65
宏祥公寓,11229.0
宏翔兴居,4778.0
宏达世纪丽景,17584.6
宏达世纪锦城,22046.5
宗申流溪丽园,12287.4
宗申流溪别院,11714.67
宗申流溪别院四期,10906.0
宗申赛纳维,14197.86
宜家HOME,38284.0
宝泰家园,17483.0
宝源驷马城,16972.0
宝生小区,7847.0
宝生街169号,6224.0
实业街17号,40355.0
实业街25号,39786.0
实业街9号,37803.0
实久花园,8841.0
家和南苑,11634.0
家和阳光,9981.0
家园南街6号,17124.5
家益凤凰富居,14131.33
家益欣城,19297.29
家益锦华苑,30470.0
宸光和悦三期,27089.0
富临大厦,11133.6
富临理宫,20040.57
富临花园,11790.14
富丽东方,19153.25
富丽园三期,6123.0
富丽碧蔓汀,21097.32
富丽苑二期,6508.33
富丽锦城,14803.71
富力公馆,19413.5
富力史丹尼国际公寓,30920.67
富力山水人家,10901.0
富力桃园A区,10746.48
富力桃园B区,12029.48
富城花园,5686.0
富港花园,14189.5
富豪家苑一期,7448.0
富豪尚都,12281.75
富豪新岸,16454.86
富豪时代,14373.5
富豪逸阳华庭,11899.0
富邑华庭,15578.0
富都苑,17617.0
富钻商贸大厦,19802.0
富麗苑,6699.0
寰宇君汇城,10492.85
将军街18号,23121.0
小关庙后街26号,11294.0
小关庙后街27号,9910.0
小关庙巷17号,13578.0
小城故事,9337.5
小天公寓,12687.0
小龙桥路87号院,15000.0
少城府邸,23716.0
少城路7号院,22655.0
少陵横街34号,9440.0
少陵横街68号,11407.0
尖东旺座二期,8538.0
尚东美林一区,13477.0
尚东美林三区,16973.0
尚东美林二区,12920.5
尚公馆,9214.0
尚成东锦,14129.0
尚房国际公馆,17988.5
尚景岁月,7525.67
尚林家园,9860.33
尚林幸福城,8837.9
尚林花园,16781.0
尚港领地,11222.67
尚西花郡,11563.67
尚郡,31797.0
尚锦城,13417.0
居家福地,11309.0
居然小区,10931.0
山南家园,12381.0
山南电信,6837.0
山木居,7760.4
山楂树,9009.0
山水四季城,12948.67
峰墅一期,29467.25
峰墅二期,32544.71
峰度天下,31771.0
峰汇中心,30944.0
崇兴小区,6383.5
崇德里9号,18375.0
川化一村,4543.5
川化三村,5565.53
川化住宅区,5303.8
川大华西新村十四宿舍,19239.25
川大南园,24218.5
川大河畔,11521.2
川大竹林村,28375.5
川大花园（南园）,25568.0
川网国际花园,17324.42
川裕苑,17968.0
川音嘉苑,9194.33
工人村,11975.0
工农院街80号,11138.5
工商银行家属院,6017.0
工行家属院,5796.0
工贸小区,5075.0
左右,7489.0
左岸花都,18424.4
左邻右舍,16286.33
巨龙环岛国际社区,12590.0
巴黎都市,16823.2
巴黎都市二区,15465.0
巴黎阳光,14946.0
巷上生活馆,16434.2
布坝子街8号,9720.0
布坝子街9号,12317.0
布鲁明顿广场,29709.0
布鲁汀,16335.5
师友路3号,11441.0
师大现代花园,15247.2
希望路113号,5455.0
帕丽湾,20970.0
帘官公所街49号,9735.0
常青藤一期,14253.0
常青藤三期,12113.0
干槐树街8号,26642.0
干警宿舍,10002.33
平安佳苑,7584.0
平安巷21号,5774.0
平安苑(金牛),11263.0
平景苑东区,11260.0
平景苑西区,12677.0
平福巷2号小区,10770.75
平福巷6号小区,12750.0
平福路120号,10568.0
平福路122号,11562.0
平福路6号附16号院,12382.0
平福里,14382.6
年丰巷53号,15035.0
幸福家园新河湾,6075.88
幸福家园水云间,5684.0
幸福家园碧云天,6749.33
幸福屋语,13261.67
幸福彼岸,13334.5
幸福时光,9593.5
广厦街62号,12684.0
广场花园(华金大道二段),5543.0
广场路56号,7549.0
广场馨苑,5221.33
广成苑,11583.0
广福桥街10号,11974.0
广福桥街30号,10195.0
广福楼,10793.0
庆云北街48号,19938.0
府河名居一期,10330.0
府河小区(玻璃路),11276.0
府河御景,9457.25
府河竹苑,16276.0
府河苑,16306.0
府河路苑,16401.67
府河音乐花园,15199.5
府青惠园,18525.0
府青路一段3号,17524.0
府青路二段18号,10040.2
庭芳苑,11663.0
康居兴苑,8370.0
康居苑,6216.0
康庄街26号,12936.0
康庄街28号,12570.0
康桥品上,14237.5
康桥雅舍,16464.0
康欣苑,17548.0
康河郦景三期,20655.5
康郡,32770.5
廊桥乐章,24899.5
廊桥翠庭,6192.0
建信奥林匹克花园,10012.7
建兴苑,9804.0
建发中央湾区,17500.0
建发中央鹭洲,41610.5
建发天府鹭洲,31119.6
建发第五大道,7129.5
建发翡翠鹭洲,33405.0
建发金沙里,32813.0
建发鹭洲国际,40176.4
建安公寓,11768.0
建川梦追湾公馆,21798.0
建工梧桐屿,8029.56
建设公寓,8650.0
建设北村55号,15048.0
建设北路一段1号,10151.0
建设路40号,6822.0
建银大厦,24840.5
开元国际,14520.88
开关厂宿舍,6700.0
弗客城,15239.14
弗客水岸,13671.0
弘康馨居,5570.0
弘民新城,8714.0
弘民苑A区,7364.75
弘民苑B区,6947.0
弘福苑,13514.0
弥牟镇八阵大道77号,3803.0
彩世界,11604.5
彩叠园1A期,16500.07
彩叠园1B期,16857.42
彩叠园二期,14160.75
彩舍大厦,9016.0
彩虹花园,17490.5
彩虹街1号,11259.5
彩虹街2号,12712.0
得心铭居,6523.0
御城,10442.25
御富风景,9131.0
御岭春天三期,13072.62
御嶺春天,12988.6
御府花都,25643.0
御廷上郡,21818.45
御景台,19378.5
御源大湖区,13743.73
御都花园别墅,25588.4
御龙山一期,29762.25
御龙山二期,27591.23
德商华府天骄,26862.83
德商御府天骄,28340.23
德坤恬园,6962.25
德坤新天地,7482.38
德坤海地亚,9782.71
德坤竹韵坊,9403.17
德意馨苑,15132.0
德慧公寓,17755.0
德政苑,9922.0
德昆新公馆,10669.0
德通心愿城,6769.4
德馨苑,24963.0
心怡中丝园,24429.92
心怡德盛苑,19645.25
心怡紫晶城,18809.0
心愿花园一期,8985.0
心愿花园二期,11361.33
心灵家园,22624.0
忠烈祠东街50号,9799.0
忠烈祠东街51号,12977.0
忠烈祠西街19号,13003.0
忠邦城,5419.0
快乐空间,13366.0
思学园博仕楼,6805.0
思学园智能村,10783.0
思维源邸,21134.0
怡丰新城,16715.14
怡华居,8372.0
怡和新城A区,8899.67
怡和新城B区,8489.0
怡和新城C区,9967.0
怡和新城E区,9138.0
怡和新城F区,9864.5
怡和新居,8474.0
怡和茗居,9187.5
怡城北居,4363.6
怡安花园,14163.0
怡家,7380.0
怡家南苑,5842.0
怡庭苑,11053.5
怡心园,9839.0
怡心湖岸,24121.0
怡新苑(金牛),9154.0
怡景城市花苑,12373.0
怡景阳光(石家碾东路),5712.84
怡欣苑(新都),8300.0
怡欣苑(金牛),12800.0
怡沁苑,12193.0
怡泰花园,14895.25
怡泽苑,12372.0
怡湖玫瑰苑,9966.15
怡湖芳邻,7532.5
怡湖西苑,4604.0
怡湖西路189号院,3794.0
怡湖西路21号,3840.0
怡湖西路231号院,3857.0
怡湖路257号院,5428.0
怡福巷80号,10365.5
怡苑,8317.0
怡馨花园(同仁路),4614.0
怡馨花园A区,19511.0
总府花园,21342.12
恋日家园B区,9487.0
恋日家园D区,9489.0
恋日家园F区,9496.0
恋日家园G区,10896.0
恋日家园H区,10397.0
恒业星园,13853.5
恒创蜀都公馆,9913.5
恒大上林苑,9253.26
恒大名城,14577.0
恒大名都,20190.95
恒大城,13646.17
恒大天府半岛,20939.86
恒大天府半岛4期,23589.5
恒大天府半岛三期,20672.6
恒大天府半岛二期,21326.14
恒大帝景,8893.73
恒大广场,28634.23
恒大御府,9788.0
恒大御景,8622.2
恒大御龙天峰,10160.0
恒大新城一期,13721.83
恒大新城二期,14007.43
恒大曹家巷广场,25336.5
恒大未来城一期,14041.0
恒大未来城二期,17718.33
恒大绿洲,17270.5
恒大翡翠华庭,26377.19
恒大西锦城,18751.37
恒大豪庭,23238.2
恒大都汇华庭,34702.5
恒大锦城,18378.5
恒大雅苑,6580.17
恒宾园,28364.0
恒德路10号,14471.0
恒瑞新川中心,28472.5
恒福苑,12917.5
恒邦天府中心城,13466.0
恩威楼家属院,6332.0
恩威玲珑南域,20356.36
恩德公司宿舍,8680.0
悦未来,17034.0
悦民苑,12281.5
悦水蓝山,6862.0
惠民苑(金牛),12419.67
慈惠堂街34号,13173.0
慕和南道,19907.09
慧生时代广场,10664.0
慧苑(成华),13336.0
懋园国际商住城,15918.4
懋山湖,18040.0
戎盛苑,22927.0
成功悦都,21921.5
成功格林尚城,14073.0
成功红树林,23428.5
成功银玺国际,16689.5
成勘苑,12634.33
成勘院,16288.0
成华南街2号,7741.0
成华奥园广场一期,25246.67
成华奥园广场二期,25093.25
成南锦秀,19703.0
成南领寓,13059.0
成博小区,8000.0
成双大道1711号,7428.0
成外雅庭,10729.5
成大花园,13634.5
成怡嘉苑,9990.33
成灌西路150号附2号院,4944.0
成电花园桃源苑,14500.0
成航苑,11581.0
成达佳园,20014.83
成都A区,19961.3
成都一镇,8287.8
成都丽雅纤维215大院,4470.5
成都农业科技职业学院柳城小区392号,7040.0
成都双流供电局家属院,7954.0
成都合院一期,14261.07
成都合院公园里,17261.93
成都后花园一期,22368.4
成都后花园三期,17378.2
成都后花园二期,14304.88
成都后花园四期,12405.5
成都后花园蝶院,17158.0
成都国韵村,18578.11
成都文儒德,64371.2
成都新天地,17060.8
成都新天地二期春天里,18864.0
成都棕榈泉国际中心,35070.25
成都玩家,26319.5
成都理工大学北苑,11792.0
成都花园上城,27639.0
成都花园朗庭园,31491.0
成都花园望郡,24180.0
成都花园翠雍华庭,21564.83
成钞家园,7885.0
成钢新小区,4033.0
成飞404小区,9013.0
成飞512小区,13523.5
成飞民乐园,19398.0
成龙花园,16062.0
我的大学,10288.0
战旗东路6号,14335.5
战旗东路7号,12426.0
戛纳湾滨江,21410.77
戛纳湾畔,16983.33
戛纳湾金棕榈,23939.0
抚林巷8号,13608.0
抚琴东北路,12929.5
抚琴北二巷,9955.0
抚琴北巷4号,11171.0
抚琴街南一巷,11021.0
抚琴西北街1号,12435.0
抚琴西北街26号,12396.0
抚琴西南路14号,12282.5
抚琴西路199号,8807.0
抚琴西路210号,12084.0
抚琴西路238号,10181.0
抚琴西路240号,10201.0
抚琴西路250号,9313.0
抚琴西路256号,8000.0
拐枣树街28号,14246.0
招商中央华城一期,14431.5
招商中央华城二期,26230.5
招商依云上城一期,13662.12
招商依云上城三期,11421.33
招商依云上城二期,12057.12
招商依云上城四期,11238.0
招商大魔方玺悦轩,54271.0
招商玺荟,19412.0
招商雍华府一期,20474.38
招商雍华府二期,22106.93
指挥街24号,37801.0
揽胜金沙,25676.0
摩卡空间,12729.0
摩卡筑,25401.25
摩根中心,19351.0
摩玛城,20952.71
撷英卉苑,12629.33
攀乐苑,13520.0
攀交花园,7592.33
攀钢苑,10927.33
攀钢集团成都钢铁有限责任公司老小区,5209.0
支矶石街27号院,35282.0
支矶石街31号,21561.0
政和雅苑,4118.0
政府北路5号,4898.0
政府路16号,4607.0
教委小区,9635.0
教师公寓(高新),14377.0
教师宿舍,7724.67
教育局宿舍,6630.0
教育街81号院,3859.67
文体花园(政府南路),4987.0
文化苑小区,4864.83
文化路130号,6067.0
文化馆小区,6656.0
文华路12号,12511.0
文华路15号,10518.0
文华路20号,11252.0
文家东巷4号,9076.0
文家巷18号,13462.0
文庙前街50号,14913.0
文庙前街85号,15921.0
文庙前街90号,17439.0
文庙后街51号,16195.0
文庙街4号,5888.0
文庭雅苑,5127.0
文星花园,13113.22
文武路5号,7287.0
文武路94号,8915.0
文殊芳苑,14760.0
文殊院公寓,12072.5
文汇小区,3563.67
文苑路48号,9726.0
文豪世苑,8446.5
斑竹欣苑,11988.6
斑竹苑,15482.33
新世界丽晶花园,16899.25
新世纪,11356.0
新东方,14300.0
新中路64号,5740.5
新丰嘉苑,9025.0
新丰苑,7218.0
新义路1号,11692.0
新乐北巷2号,12044.0
新光华街11号,27331.0
新光社区文韵苑,12257.5
新兴花园,7170.0
新加坡花园,19184.78
新北佳苑,15515.0
新北小区三期,14317.0
新华园,11893.0
新华社区,10470.0
新华苑(武侯),14078.0
新南中心,22417.67
新南四期,13515.67
新南街250号,4669.0
新南街284号,7525.0
新南路83号,8321.0
新南路84号,12003.0
新南路85号,9650.0
新双城,16549.5
新和理想家,17588.0
新园二期,8747.0
新园大道26号院,11650.0
新园社区,12088.0
新城俊园,19964.14
新城吾悦广场,17123.7
新城市广场,23106.4
新城府景,9798.0
新城悦隽天府,12381.0
新城悦隽天骄,8073.0
新城悦隽盛世,8847.0
新天地,13577.0
新天地民苑,11608.33
新尚天地,13101.5
新山复郡,8052.0
新巢小区一期,15779.0
新巢小区二期,12620.0
新希望D10天府,81246.0
新希望皇冠国际,20089.68
新希望红南港,14940.5
新希望锦官府,63389.0
新希望锦官阁,30041.0
新希望锦悦北府,13001.0
新希望锦悦楠庭,20132.25
新怡华庭西区,15604.0
新怡花园A区,14845.0
新新家园,8636.0
新新街29号,5542.0
新新街一巷28号,5032.0
新新街二巷134号,5697.5
新时代家属院,6423.0
新景璟誉府,27358.0
新景鼎南川宇,22219.0
新桂华庭,7547.0
新桥逸景A区,11860.0
新桥逸景B区,14667.33
新桥逸景C区,14641.0
新棕北,9387.67
新欧鹏教育小镇哈佛公馆,7282.27
新沙河阳光水岸,24949.0
新港国际花园,17355.0
新源巷9号,10347.0
新熙门,18601.0
新瑞园,11532.0
新界一期,23275.11
新界三期,25544.75
新界二期,22892.0
新界五期,22828.5
新界四期,33523.0
新疆石油花园三期,12246.0
新碧园,15279.67
新神风金牛座,14094.33
新禧苑,17166.0
新秀花园,8296.0
新科大厦,7137.0
新科花园,8722.5
新筑公寓,17983.0
新绿季节,16802.0
新能巷6号,14912.0
新莲馨,17274.0
新贵公馆,18988.75
新贵苑,10290.0
新都一中家属院,4888.0
新都国际广场一期,10943.5
新都国际广场二期,9529.33
新都城市之心,10071.0
新都新筑,8343.0
新都花园一期,7867.86
新都花园二期,9962.5
新都镇医学院小区,5674.0
新里柏仕公馆,17084.43
新锦华苑小区,9773.0
新锦江,18460.0
新阳光健康家园,20348.8
新雅街4号,10912.5
新雨香沁,21138.67
新驿南街6号,7953.0
新驿村2号,7537.0
新鸿一区,10603.5
新鸿南二巷18号,11881.0
新鸿基悦城,26302.71
新鸿社区,11652.5
新鸿路119号,12520.0
新鸿路342号院,10496.0
新鸿路五冶住宅区,11471.0
新龙苑东区,13876.0
方正东街5号,9800.0
方池街39号,26796.0
方营小区,8664.5
旅游职中教师公寓,12791.75
无国界,30105.0
旭光小区,5891.0
旭和倾城二期,33054.0
旭辉江山和鸣,25735.0
时代丽都美语,20393.67
时代凯悦,19043.2
时代印象,13353.89
时代名邸,7498.0
时代天城,20256.5
时代天府,18044.5
时代天骄,12055.0
时代家园(青江东路),4207.0
时代尊城,33219.6
时代悦城,11587.25
时代晶座(高新),28235.0
时代晶科名苑,31777.6
时代欣城,16661.0
时代水岸康城,11444.83
时代睿城,12991.24
时代花城一期,9030.0
时代花城三期,8777.5
时代花城豪庭二期,9334.56
时代豪庭一期,35227.71
时代豪庭三期,41799.23
时代豪庭二期,37618.0
时代豪庭四期,41670.8
时代锦城,14752.5
时代锦翠,13442.12
时代阳光花园,15537.67
旺府公寓,12386.0
旺府凯旋门,11361.33
旺府豪庭,10170.12
昂世半山观邸,12654.0
昊园江南壹品,11695.62
昊天苑,5766.0
明信仕林府,13494.57
明信城,13116.57
明信花园,12817.0
明信青庭,10736.5
明信鹭湾A区,8139.0
明信鹭湾B区,29735.5
明宇南御,11215.0
明新国际新城,9453.14
明日苑,19386.0
明星嘉苑,5586.0
明星花苑,10422.33
明波花园北苑,12712.0
明珠园一期,17414.0
明珠怡园,15497.67
明珠景苑,16704.0
明苑公寓,11699.0
明蜀新村一期,11497.0
明阳家在回廊,14807.5
星光华印象,14504.17
星光四季,9812.6
星光大道C区,6274.0
星光家园,3826.5
星光小区,8644.2
星城银座,22623.0
星河名居,9643.4
星河名都,25757.0
星河小区,11404.5
星河路社区,11390.0
星立方,17233.0
星语双城一期,12483.0
星语双城二期,13644.0
星辉东路19号,12995.0
星辉中路14号,10619.0
星辉中路20号,11390.0
星辉中路6号,14954.0
星辉西路8号,14876.0
星辰路89号,10741.0
映日荷花,13064.0
映泉美居,6578.67
春天华逸,7078.44
春天大道,16314.62
春天花园,31519.11
春江青龙湾,8468.12
春熙苑一期,22421.0
春秋名邸,9268.4
春韵怡苑,7458.67
昭忠祠街50号,12723.0
昭忠祠街67号,12098.0
昭艺大厦,10617.67
晋阳市场,9069.0
晋阳路190号,9477.0
晏苑公寓,11738.0
晓初公寓(金牛),8697.0
晨光杰座,6901.0
晨曦园,14183.0
普天小区,11443.33
普罗雅庭,16001.8
景华苑,8451.0
景尚景一期,11361.17
景尚景二期,13218.0
景德一巷103号,6004.5
景德一巷2号,6239.0
景碧园,12775.0
景翔园,14026.0
景茂名都,17527.53
景茂名都东郡,18424.0
景茂城果,25358.0
景茂雍水岸,20408.6
景馨园,11956.5
晶宝塞纳国际,10545.11
晶宝楼,6945.0
晶宝盛世桃源,12056.62
晶宝维吉尼亚,9226.75
晶蓝半岛一期,28427.75
晶蓝半岛二期,30207.83
智业福地,10722.0
暑袜中街42号,21849.0
暑袜中街48号,14460.0
暑袜中街61号,13558.0
暑袜北一街132号,10474.0
曦城,17943.25
曹家巷恒大雅苑,18812.5
曼哈顿一期,13855.0
曼哈顿自然派,12694.9
月光琉域,16323.0
月光诚品,18005.0
月映长滩A区,13272.33
月映长滩B区,12241.67
月映长滩c区,8002.0
月映长滩栖悦,7969.0
月楿丽苑,9710.33
月都家园,8772.0
朗基和今缘,31778.0
朗基天香,35626.67
朗基少帅府,17293.5
朗基御今缘,37271.85
朗基御香,33436.0
朗基望今缘,37157.0
朗基紫境东来,19477.67
朗基香颂天府,9247.33
朗基龙堂,30491.83
朗御,31078.27
朗诗未来家,11635.08
朗诗熙华府,48377.5
朗诗绿色街区,22644.0
朗诗西溪里,28858.0
朗诗观山樾,11480.0
望丛中路179号,5206.0
望丛西路82号,6008.25
望江嘉苑,22526.14
望江橡树林一期,26825.6
望江水岸,24470.33
望江锦园,22170.67
朝阳公寓,12142.75
朝阳北苑一期,10812.0
朝阳名宅,18290.0
朝阳时代西锦,10892.62
朝阳朗香广场,20388.25
木综厂宿舍,11322.0
机车苑,9530.0
机车馨苑,14245.0
杏苑公寓,9103.0
杜甫花园,17203.0
杜鹃城,4352.5
杜鹃城千万间,8165.0
来凤路117号,7510.0
来凤路124号,6117.0
来凤路59号,6917.0
杨柳小区,5676.5
杨柳新屯,10513.0
杨柳路2号院,3452.0
杰座,14843.17
林庭叠院,19843.43
林汀别墅,28904.1
林溪康城,11114.0
林溪康城B区,9828.83
林溪美城,11959.6
林溪美墅,35918.25
林荫嘉园,18579.0
果壳里的城,16124.05
枣子巷43号,13288.0
枫丹国际,16667.0
枫林秀色,8488.0
枫渡莱茵,17785.67
枫瑞苑,16883.0
枫祥苑,15796.0
枫萧苑,17095.0
柏仕晶舍,26369.0
柏林河畔,6549.67
柳南一路118号,10912.0
柳城华厦,7410.0
柳城印象,11522.0
柳城大道东段141号,5933.0
柳城大道西段138号院,5116.0
柳城阳光,9265.8
柳宾小区,9283.25
柳春苑,5835.5
柳春路4号,4971.0
柳江新居二期,12399.0
柳浪湾2号院,7707.0
柳浪湾附2号院,7904.0
栅子街12号,18856.0
树德巷2号,18818.0
树蓓巷1号,10502.2
树蓓街104号,12045.0
树蓓街1号,11018.33
树蓓街42号,10958.0
栖凤居,6236.0
栖凤居二期,6631.45
校园春天,17094.5
核动力院宿舍,14436.0
格兰玺城,10217.17
格兰鼎城,11293.5
格凌兰,14953.67
格林君典,17739.5
格林城,21096.2
格林城市花园,12931.0
格林大道,9207.0
格林尚元丽舍,12402.0
格林楠,19056.0
格林花园,15402.0
格澜威尔,12252.0
格调城,11512.5
桂湖东路一巷5号,6640.0
桂湖东路一巷9号,5446.0
桂湖名城一期,11917.0
桂湖河畔三期,6214.0
桂溪欧苑,11505.5
桂溪苑,33172.0
桂王桥东街4号,13253.0
桂瑞苑,8117.0
桂祥苑,9952.0
桂花巷60号,22659.0
桂花香邻,11138.0
桂香庭园,15603.0
桃园三区,23451.0
桃园小区,5230.0
桃园柳岸,8626.6
桃李园,17127.83
桃李苑（棠中）,7332.0
桃花源别墅,27786.0
桃都印象,9320.5
桐凤路45号,29378.0
桐梓林北路3号,12735.5
桐梓林壹号,39794.18
桐梓林小区,11755.0
桐梓林欧城,24790.67
桑园街105号,4121.0
桓新巷80号,14165.0
梅花庭园,24659.5
梓潼街30号,11391.0
梓潼街35号,10878.5
梓潼街40号,10489.0
梓潼街44号,11528.0
梧桐世家一期,18950.0
梧桐世家二期,14210.0
梨花街1号,26001.0
检察院宿舍,4460.0
棕东小区,18988.4
棕北公寓,14224.5
棕北国际,22531.33
棕南公寓,16986.57
棕南正街2号,13627.0
棕南正街8号,15935.5
棕南正街9号,13642.83
棕南苑,16055.0
棕南西街1号,11945.5
棕南西街4号,11762.0
棕南西街5号,13676.0
棕榈南岸,17633.14
棕榈印象,11285.5
棕榈山庄,13980.0
棕榈花园,16373.5
棕榈长滩,18266.0
棕竹园,15567.0
棕竹街3号,12500.0
棕竹街5号,11486.0
棕苑巷5号,14172.0
棕苑巷7号,13357.0
棠中路二段101号,6879.0
棠中路二段153号,9410.0
棠府锦绣城,17906.6
棠湖东路二段100号,6723.0
棠湖公寓,5888.0
棠湖南路三段28号,7731.0
棠湖南路二段129号,7283.0
棠湖南路二段92号,8389.0
棠湖泊林城,16819.78
棠湖泊林小镇,10734.0
棠湖泊林镇,13297.29
棠湖清江花语,6840.73
棠湖西路二段三一村,8274.0
棠蓉园,18724.67
森宇音乐花园,9699.5
森桦苑,14063.33
森邻香堤二期,10654.5
楠丽湾,16338.67
楠宝石,13179.67
楠庭理想,15011.4
楠极地,11014.0
楠汇坊,23810.0
楠苑(双流),9181.0
楠贵坊,11923.29
楠逸苑,11209.0
楠郡B区,13606.0
楠香山,20377.85
榕树岭,11654.2
榕苑,12860.0
榜样,21720.0
槐树苑A区,12887.0
槐树苑二期宏苑,12595.0
槐树苑二期锦苑,12892.67
槐树街26号,24243.0
槐树街30号,11750.0
横丁字街27号,31775.0
横四道街1号,20271.0
横四道街2号,15873.33
樱花假日,13946.0
橄榄郡,9256.5
橙堡,15465.5
橙花风景,24935.67
橙郡一期,16932.58
橙郡三期,16831.42
橙郡二期,16179.6
檀香山,22507.44
檀香山公园里,26073.0
檀香花园,16441.75
檬梓苑,7432.0
欣园,12678.0
欣园二期,10442.0
欣宇都市港湾,17037.89
欣民苑,11707.0
欣盛家园,8236.67
欣茂大峰景,17052.5
欧城花园,9836.5
欧城雅典,13863.0
欧尚庭院,13443.0
欧尚花园,7792.0
欧波罗,11209.0
欧洲印象,16809.0
欧郡,13089.2
欧韵金沙,24311.43
欧香苑,9945.0
欧鹏大道113号,7677.0
歌德堡,12628.5
正东上街2号,11091.0
正北上街147号,10294.0
正北上街79号,10616.0
正基城市主场,16602.0
正大和平苑,10913.5
正府街110号,17940.0
正成东区1号,18258.0
正成光华梧桐,11686.0
正成南郡,21113.2
正成名城左岸,9089.12
正成城市乐章,21003.0
正成拉斐,19522.8
正成翡翠琉璃,12436.0
正成艺墅洋房,16416.67
正成金楠尚府,21427.0
正成香域,17834.0
正通顺街105号,10410.0
正黄金域国际,21258.5
武侯南苑,13737.0
武侯国际花园,18320.0
武侯山庄,47775.0
武侯祠大街260号,12444.0
武侯祠大街262号,13948.0
武侯祠大街30号,9532.0
武侯祠大街4号,14862.75
武侯祠大街89号,10715.0
武侯花园,11285.0
武城大观城市花园一期,12158.25
武成大街113号,28908.0
武成大街12号,24925.0
武新花园,12497.33
武海中华锦绣,16208.38
武海新街坊,15616.67
武海西城锦绣,22699.0
武青嘉苑,13182.0
每日汇城,16722.0
比华利国际城一期,20304.5
比华利国际城三期,28046.5
比华利国际城二期,26036.56
毕生路3号,9446.0
毕生路57号,5539.0
毕生路62号,4715.0
毕生路69号,5810.0
毗河新城小区,5170.5
毗河雅苑,5536.0
民兴北苑,11877.0
民兴南苑,11593.5
民政局宿舍,9166.0
民生新干线,12143.2
水乡嘉苑C区,10940.4
水乡茗居西区,12989.0
水云花都,10321.14
水井街24号,19812.0
水务局小区,6356.0
水岸东里,13448.5
水岸丽舍,14918.67
水岸华庭,17627.0
水岸天城,8949.75
水岸花园,14432.0
水岸花汀,7347.33
水岸风景,7924.0
水映兰庭,23537.5
水映长岛二期,69334.0
水木光华,17908.14
水木华夏,9308.0
水榭花都,9034.5
水沐环岛,11823.44
水津街32号,9815.0
水漪袅铜,21988.57
水电五局成都基地常乐小区,8703.0
水畔经典,17893.29
水碾河南三街3号,12291.0
水碾河路46号,11945.0
水碾河路6号,11530.0
水韵华府,16176.75
水韵天府,12770.62
水韵尚城,10708.75
永丰场街57号,14365.0
永丰路32号,10104.0
永兴佳苑,15840.0
永兴花园,4946.0
永安佳居,7176.0
永安路164号,5825.0
永康苑(铁佛西路),11308.0
永星小区,5485.0
永泰雅居,12492.4
永立·龙邸B区,25745.14
永逸苑,14067.0
永陵路29号,9445.0
永陵路36号,9522.5
汀兰湾,9388.5
汇丰苑,8893.5
汇厦少城文墨阁,31274.0
汇厦少城琴台府,29539.2
汇厦少城锦官郡,30819.5
汇厦沙河锦庭二期,24016.67
汇厦花园,16980.0
汇厦香悦云庭,18512.78
汇恒青楠里,7913.0
汇景新城,13295.5
汇景新村(武侯),15910.0
汇景新村(金牛),13980.0
汇景樱桃季,13090.71
汇景溪树湾,17904.0
汇智栖岸名居,10938.0
汇缘阁,16269.0
汇融名城C区,19168.0
汇融广场,14780.7
汇融广场B区,14062.6
汇融悉尼湾库吉岛一期,12477.68
汇融悉尼湾库吉岛二期,13055.57
汇融悉尼湾达令港,13883.72
汇都商贸城,5756.0
汇鑫苑,8928.0
汇锦城,27683.67
汇阳新村,10721.0
汉嘉国际,14191.71
汉城小区,6445.0
江华社区,8795.0
江南房子,10870.67
江南房子北区,9419.5
江南苑,10959.25
江安河新居,12750.0
江安花园,11597.83
江源巷3号,10858.0
江郊庭院,23270.67
沁园小区,9450.0
沁园综合楼,6984.0
沙子堰东巷4号,13644.0
沙河上二期,20679.75
沙河丽景,15908.0
沙河北岸,11068.33
沙河嘉苑,14434.0
沙河壹号一期,26207.33
沙河壹号二期,22485.0
沙河庭院,11590.0
沙河新城,15757.0
沙河明珠,14142.83
沙河源上金府,11344.0
沙河路苑,15241.0
沙河锦庭,27436.0
沙湾东一路6号,11702.0
河滨森邻A区,11819.33
河滨森邻C区,11702.2
河滨森邻D区,11096.0
河滨鹭岛,9813.33
河畔华苑一期,16693.0
河畔芙蓉,28174.0
油建新区,11470.0
沿山路二段47号,6121.0
泉水人家三期A区,9473.0
泉水人家二期A区,13130.22
泉水人家二期B区,12695.0
泉水北苑,10675.0
泉水南苑,11624.0
泊景湾,23774.75
法院宿舍,4595.0
泛悦城市广场,18659.17
泛林格兰晴天,23464.6
泡桐树公寓,26538.0
泡桐树街16号,46684.0
泡桐树街7号,48159.0
泰丰佳寓,20536.0
泰丰御园,20391.0
泰兴里,7566.0
泰华大厦,21553.0
泰华锦城,12365.75
泰博理想城二期,10095.0
泰合新光华府,14072.45
泰和欧城,7294.92
泰基北锦,14716.0
泰基花溪谷,16637.0
泰山新城桂花苑,9785.0
泰庄花园,13100.0
泰康东路30号,5256.0
泰康东路52号,4777.0
泰立观筑,8192.0
泰逸美景,14780.0
泽瀚峰景,7644.0
泽瑞西园,28423.0
洗面桥巷2号,11985.0
洛森堡,19180.32
洪景丽苑,10178.17
洪柳花园二期,12866.0
洪河北路589号院,10323.0
洲际亚洲湾A区,14569.19
洲际亚洲湾B区,14252.5
洲际健康城,5622.0
洲际春天广场,15175.72
洲际银海湾,15906.94
派克公馆,12851.42
流水浣花苑,35773.5
浅水半岛一期,17974.0
浅水半岛三期,19266.0
浅水半岛二期,17633.75
浅水湾(华逸路),6302.5
浣花北路16号,18831.0
浣花北路26号,18555.67
浣花南路218号,22874.0
浣花小区,13954.33
浣花居,24565.0
浣花庭园,29775.0
浣花新城,29706.0
浣花长乐坊,17242.0
浣花香,30914.0
浦兴街169号,6821.0
浪琴湾,22957.75
海上海北苑,22471.33
海上海南苑,21480.0
海亮彩悦府,16947.67
海亮樾金沙,26038.4
海亮爱金沙,24421.5
海伦印象,25456.0
海伦国际一期,12612.4
海伦国际二期,15324.0
海伦天麓,25893.88
海伦春天,22796.89
海天阁,14679.0
海峡新城一期,10157.0
海峡新城三期,9533.0
海峡新城四期,9065.25
海川国际社区,6647.0
海德花苑,17491.67
海成大厦,15486.0
海桐三期,13395.4
海桐二期,13738.0
海棠丽景,9665.0
海棠佳苑,17096.4
海棠公馆一期,15732.6
海棠名居,13927.5
海棠湾,15855.9
海棠金宇,7801.0
海棠金宇府河花园,13449.0
海椒市街13号,11605.5
海椒市街60号,13438.0
海洋中心,26451.0
海滨苑,8124.0
海珀香庭,17189.33
海科名城,10139.05
海科智城,7576.0
海骏达蜀都1号一期北区,13330.86
海骏达蜀都1号一期南区,12793.0
海骏达蜀都1号三期,12414.0
海骏达蜀都1号凯悦二期,13039.67
润兰庭苑二期,14819.0
润兰花园,11422.0
润和原筑,12948.0
润富国际花园,60121.0
润弘铭城,9098.33
润扬书院阁,12795.0
润扬北城1号,13738.42
润扬双河鹭岛,11858.0
润扬双铁广场,16368.67
润扬双铁广场石犀里,18029.0
润扬观澜鹭岛一期,15355.25
润扬观澜鹭岛二期,12348.5
润扬金沙30度,23374.0
润新花园一期,12923.33
润新花园二期,12694.0
润禾花园,14425.07
润莱金座,27487.5
深业泰然成都怡湖珑园,9261.0
添馨苑,11461.0
清凤时代城,30272.6
清华逸景,5856.89
清水河畔,14735.23
清水绿苑,16255.67
清水路苑,16902.0
清江东路33号,13906.0
清江东路35号,19097.0
清江东路360号,11501.0
清江东路368号,9631.0
清江东路5号,16877.0
清江东路65号,11465.0
清江之春,14684.0
清江别韵,7820.44
清江南街1号,13158.0
清江南街9号,10916.0
清江小区,10218.0
清江美庐,16125.0
清江苑,19681.67
清江雅居,14954.0
清河阳光,15330.45
清源环街368号院,9071.2
清溪东路2号,11902.0
清溪南街18号,9283.0
清溪南街20号,11954.0
清溪南街9号,11959.0
清溪园,6414.2
清溪玫瑰园,21892.0
清溪雅筑,16345.64
清荷苑,20600.8
清邻街3号,14068.0
清风晓筑,12976.0
渥嘉郡,8897.0
温中家属院,7749.0
温哥华南苑,13961.0
温哥华花园,12808.17
温哥华花园六期,14056.07
温哥华花园四期,12414.5
温江一地,7949.67
温江二中园丁小区B区,5416.0
温资金港华府,17080.0
温馨苑,9413.0
湖滨路326号院,5077.0
湖滨路352号,5747.0
湟普国际,15074.07
源上湾万融城C区,11673.75
源上湾万融城三期D区,12925.0
源上湾万融城二期,12663.25
源上湾国际社区千叶郡,11872.12
溢阳绿城,18624.75
溪地湾,15863.75
溪源居小区,6946.5
滨江东路228号,19322.5
滨江东路230号,18368.0
滨江东路236号,24520.0
滨江两岸,16082.25
滨江两岸二期,21569.5
滨江中路1号,34940.0
滨江公寓(天府新区),11511.0
滨江和城,22902.14
滨江苑,7665.0
滨河北街61号,6540.0
滨河花园(郫都),7875.0
滨河花园(龙泉驿),8436.0
滨河苑小区,8556.33
漫城,9995.0
漫岭云天,14310.0
漫草园二期,8021.0
漱玉花园,9147.0
澄江街3号,14380.0
澄江街5号,12848.0
澜溪郡,11600.0
澳林春天,14468.5
澳洲湾,14492.0
澳深花园,10621.0
澳龙名城,28794.67
瀚城国际,8977.27
瀚城新天地,8103.51
瀚林花园,18580.5
灯笼街108号,16391.0
灯笼街142号,18708.0
灵龙路265号,7313.0
灵龙路295号,8262.0
灵龙路311号,7535.0
炉霍干休所驻双流干休所,7769.0
炎华置信上林开府,15637.0
炎华置信上林赋,17506.75
炎华置信花千集,23467.0
炜岸伯爵86,31664.62
炜岸城一期,17475.0
炜岸城三期,19464.83
炬星柠檬城,12930.0
点将台横街51号,13316.5
点将台横街55号,15147.5
点将台西二巷9号,13212.0
烽火新区,7183.0
煤气总公司宿舍,10815.0
熊猫基地生态园小区,8301.33
熙城国际,13912.33
熙岸,21831.24
燃灯寺东街14号,11912.4
燃灯寺东街9号,11267.0
燃灯寺北街40号,13419.5
燕宇康品,19453.33
燕楠国际云锦,19038.0
燕沙庭院,25102.5
爱丁憬城,8445.0
爱家特区,12417.75
爱家馨城,17228.25
爱家馨苑,16569.0
爱民路124号,9721.0
爱民路125号,9129.0
爱立方,11355.0
爵版街18号,23450.0
爵领欧城,11569.0
牛沙小区,17207.5
牛王庙巷91号,12961.0
牡丹名邸,17607.0
牡丹庭园,6736.0
牡丹御园,15554.33
牧山园,9702.0
牧电路13号,11823.0
物资局小区,5933.0
犀池苑,6895.0
犀浦百伦广场,9780.0
状元府邸(新都),9044.5
状元府邸(金牛),14656.75
状元街89号,4870.0
状元街二巷12号,6327.0
独柏苑,7949.75
狮子巷60号,9750.0
狮马路67号,10630.33
狮马路70号,11136.5
猛追湾东街4号,11992.0
猛追湾东街6号,12303.0
猫市巷12号,5471.0
玉双苑(成华),11995.0
玉双路3号,11955.2
玉居庵西路6号,16992.0
玉成街14号,19199.0
玉林一巷12号,12518.0
玉林一巷1号,13188.0
玉林八巷,10899.0
玉林北街4号,14109.0
玉林北路2号,15504.0
玉林北路7号,14692.0
玉林南街12号,13587.0
玉林南街8号,11715.0
玉林南路104号,13061.0
玉林品上,25461.33
玉林嘉苑,14986.0
玉林横街7号,11725.0
玉林苑一期,12619.0
玉林街,13717.0
玉林西街后巷3号院,9818.0
玉沙路98号附1号,30055.0
玉泉街30号院,9648.0
玉洁巷6号,11872.0
玉洁西街1号,10439.0
玉湖苑,13428.0
玉通巷5号,12632.0
玉锦名都,16045.0
玉龙山庄,14735.0
玉龙花园,7346.0
王家二巷162号,7357.0
王家二巷18号,6290.0
王家坝街16号,19023.0
王家塘巷2号,17288.0
王家塘巷9号,18568.0
王家塘街11号,20044.0
王家塘街91号,16282.0
王家塘街93号,18385.0
王府公寓,9659.0
王府春天花园,13234.5
王府花园,17605.11
王府花园一期,8250.0
王府花园三期,11832.0
王府花园二期,9553.67
王府花园御锦苑,18049.0
王府锦苑,11112.0
玫瑰园,7590.0
玫瑰园(武侯),14846.0
环球汇蔚然,17938.0
现代之窗,12198.0
现代北苑,11085.0
现代城,20916.33
现代城人民公园,18164.0
玲珑郡,20700.5
玺印上院,11882.0
玺龙湾,15234.8
珑熙郡,29404.33
珠江克莱公寓,8779.5
珠江国际花园,12913.25
珠江御景湾,18956.85
珠江悦湖国际,8380.5
珠江青云台,16765.0
理工东苑,17235.33
理工南苑,10775.0
理想中心,15988.67
理想城,26703.67
琥珀庭院,24965.0
瑞丰花园,13498.0
瑞丰苑(双流),13637.0
瑞丰苑(龙泉驿),8549.33
瑞光花园,8759.0
瑞升丽苑,14132.0
瑞升城北橡树林,19348.0
瑞升明院,10829.67
瑞升望江橡树林三期,31009.75
瑞升望江橡树林二期,29397.94
瑞升橡树林华府,21745.85
瑞升花园,17408.0
瑞安城中汇,20702.89
瑞居海布斯卡,7716.88
瑞景光华,23022.33
瑞泰锦城,15357.5
瑞祥御锦,14745.0
瑞联路49号,14630.0
瑞西小区,10761.0
瑞金广场,9933.0
瑞鑫苑,10490.0
瑞雪港湾,14890.67
瓦店路62号,6544.0
生活立方,27437.0
生物研究所,26034.0
田园,12797.0
田家巷16号,9542.0
田家巷18号,9887.0
田家巷20号,10700.0
甲壳特区,9776.33
电信花园(双流),9003.0
电信花园(青白江),4975.0
电力公寓,6446.33
电子十所宿舍,11466.0
电子工业部三十所宿舍,11819.0
电子科大东院,13421.0
电建地产云立方,17105.0
电建地产洺悦府,24710.89
电建地产洺悦锦园,36716.0
电建地产美立方,17264.62
电视塔路一段12号,9911.0
电视塔路一段63号,6225.0
白兰地,15682.0
白家雅园,10055.0
白莲小区二号院,9559.0
白衣下街76号,9878.0
白领尊邸,11956.0
白马后巷8号,12028.0
白马庙街51号,5362.0
白鸽岛尚,13771.8
百仁安盛,14933.67
百佳庭院,13157.0
百利小区,8961.0
百卉路11号,20471.0
百卉路29号,25015.0
百吉街52号,11821.0
百家苑(青羊),17292.0
百寿路7号,11146.0
百悦城云景,12304.5
百悦城四期,16744.43
百悦天鹅湖,19310.67
百盛苑三期,8792.0
百维广场,4021.0
百花东街52号,11885.5
百花丽都园,12072.5
百花小区,5379.0
百花福园(百花正街),9963.67
百花紫荆苑,10345.5
百花芳邻,24466.0
百花苑(青羊),12715.0
百花西路17号,23339.0
百花西路9号,23359.0
百花邨,11140.0
百花雅园,31654.0
百草园,16065.0
百草苑,17321.0
皇冠国际社区一期,23653.5
皇冠国际社区三期,17706.75
皇冠国际社区二期,18183.33
皇冠湖壹号,19658.71
皇冠花园,20220.0
皇后国际,46602.0
皇城公寓,17217.0
皇城小区,7450.0
皇家别墅,24501.0
皇家花园,9378.0
皇经嘉苑,15018.5
皇经楼一期,10083.0
皇经楼新居一期,10965.0
皇经楼新居二期B区,11306.0
皇花街13号院,6353.33
盈嘉商务公寓,26566.0
益州国际,18536.0
益州蓉苑,17815.33
益民苑,12117.0
盐市口公寓,27902.0
盘谷花园,19844.5
盛世中华,14678.0
盛世名城,17901.5
盛世名居,19107.0
盛世年华,13127.0
盛世草堂,18938.5
盛世香河,9582.0
盛南领地,18182.67
盛源学府名城,11252.75
盛锦华庭,20190.0
盛隆街2号,18016.0
盛隆街3号,17706.0
省建行宿舍,36203.0
省送变电站宿舍,10668.0
真武巷20号,4886.0
督院街54号,20437.0
石人南路100号,10064.5
石人南路13号,12133.0
石人南路23号,11436.0
石人南路36号,11295.0
石人巷6号,11275.0
石人巷7号,11509.0
石人西路28号,9771.0
石人西路33号,9064.0
石化家园,18193.0
石家碾社区,4300.0
石油华宇苑,12458.0
石油广都小区,11897.5
石油苑,15339.71
石牛小区,5931.5
石羊街道新盛社区,12668.0
石马巷13号,10000.0
石马巷7号,11924.0
碧云天,16925.33
碧华邻,27699.18
碧园公寓,16815.0
碧林,17358.78
碧林香堤,7623.67
碧桂园十里源墅,23246.0
碧桂园城市花园,16210.2
碧桂园悦府,19187.71
碧桂园沁云里,13926.0
碧桂园海德公园,13988.57
碧桂园海昌天澜,16887.53
碧水锦楼,7619.5
碧水馨居,6600.0
碧莲雅舍,16341.5
磨子巷2号,15389.0
磨子巷3号,11025.0
磨子巷8号,13889.0
磨子村,10549.0
磨底河沿巷11号,11819.0
磨底河沿街7号,10240.0
礼顿山1号,39396.0
社会主义学院,25552.0
神仙树3号,8687.0
神仙树大院一期,25442.0
神仙树大院三期,26578.11
神仙树大院二期,25842.0
神仙树大院五期,19582.25
神仙树大院四期,22813.0
神仙树小区,7405.0
神仙树缤纷,23552.0
神仙树馨苑,21405.25
祥和佳苑(高新),18423.0
祥和公寓,8791.0
祥和园,11127.0
祥和里118号,11555.0
祥和里123号,10707.0
祥和里166号,10638.0
祥和里1号,11071.0
祥和里225号,13130.0
祥和里229号,9973.0
祥和里2号,12286.0
祥和里3号,9516.0
祥和里45号,11498.5
祥和里96号,11437.0
祥域,26015.83
祥福苑(武侯),9741.0
祥郡,7900.0
祺瑞名居,9314.0
福兴苑(金牛),15672.67
福地广场,14049.0
福晟钱隆天下,22903.8
福泉中心,8140.0
福珠苑,17116.5
福田路一段10号,7861.0
福祥家园瑞祥苑,13761.5
福缘小区,5868.0
禾嘉花园,23853.5
秀城,13239.0
秀水花园,21335.0
秀舍天涯,28744.5
秀苑路6号,10896.0
科华中路151号,12940.0
科华南苑,14462.0
科沁苑,12703.0
科联街19号,25612.0
科联街1号,19027.0
科院街2号,14632.0
科院街4号,14225.0
科院街6号,16087.0
积家御景,8414.0
移动工程局家属院,8350.0
空港上辰,15226.0
空港之星,14068.0
空港十六区,13811.64
空港晶座,15193.5
空港首座,12488.33
童子街50号,8936.0
童子街庭苑,23337.5
竹园一期,11757.67
竹市巷80号,8166.0
竹林尚书,15066.0
竹韵大道68号,5056.0
竹韵天府,13508.75
竹韵新馆,7193.0
竺桂苑,11912.0
第一园,13497.5
筒车巷29号,13181.0
簸箕巷1号,9803.0
米兰小筑,10352.0
米兰香洲,20031.5
粮食局家属院,7088.0
粼江峰阁,24066.75
精城水印阁,13836.0
糍粑店街4号,11922.0
紫丁巷3号,11094.0
紫东梵谷,14261.67
紫东润院,11810.0
紫东芯座,21980.22
紫东苑,18280.6
紫东锦源,18924.0
紫云金沙,24413.71
紫光兴城(温江),8271.5
紫华苑,14553.0
紫园,14631.0
紫御熙庭,27196.0
紫晶苑,9023.0
紫桂花园,15762.0
紫檀,39456.25
紫檀山,11913.67
紫气东来,15782.0
紫竹北街27号,11658.0
紫竹北街65号,11299.0
紫竹居,5550.0
紫竹苑,17448.14
紫苑,10767.0
紫苑小区(学苑路),5105.5
紫荆名园,15785.0
紫荆岁月,9572.0
紫荆庭,6430.0
紫荆春天,15766.0
紫荆核动力院宿舍,14347.4
紫荆苑,14701.0
紫荆馨苑,15949.0
紫薇名居,15960.0
紫薇庭院,12854.0
紫藤花园,14535.5
紫金乐章,13422.0
红光三区,11803.0
红光苑(郫都),6677.0
红光苑(高新西),8037.0
红城,21001.67
红墙国际,34893.0
红墙巷20号,17754.0
红墙巷79号,15908.0
红布街正街11号,13807.0
红帆蓝调,15253.0
红庙子街67号,11192.0
红攀小区,8335.0
红旗巷6号,10610.0
红星公寓,23818.33
红星国际,34711.0
红星苑,13694.33
红星路一段44号,12354.5
红星路一段60号,11143.0
红星路二段87号,20856.0
红枫岭三期,16904.95
红枫岭二期,15939.5
红树林,7571.33
红树湾,20913.67
红泰枫华庭,7079.0
红湖公园城,10061.77
红牌楼北街12号,13305.0
红牌楼北街15号,11523.0
红牌楼北街16号院,12204.0
红牌楼北街17号,10209.0
红牌楼北街21号,11071.0
红牌楼北街5号,12061.0
红牌楼广场,20538.78
红色佳苑,19635.0
红花东路,10325.0
红花东路17号,9620.0
红花教师苑,11072.0
红花村1号,10773.5
红花苑,11189.0
红豆家园,12513.0
红运花园佳苑,11835.33
红运花园馨苑,10384.0
红阳1区,5432.0
红阳二小区,5162.33
红阳巷9号,4120.0
红阳花园,5274.75
红阳西苑,5284.0
红馆,19128.0
纬度18,12184.0
纳米爱邸,11090.33
经典上城(凤凰西五路),8348.5
经典华庭,6678.78
经典嘉苑,15004.0
经典坐标,14164.0
经典魅力,6825.67
经华北路10号,10383.0
绣水蓝庭,4691.0
维也纳花园一期,8260.71
维也纳花园二期,7944.5
维多利亚富御,17116.0
维港,22575.5
绿园小区,13326.5
绿地468云玺五期,26086.44
绿地468云玺四期,25619.8
绿地468公馆一期,27400.17
绿地468公馆三期,27492.33
绿地468公馆二期,25400.89
绿地GIC壹期,29259.0
绿地GIC贰期,29358.6
绿地世纪城,17088.83
绿地中心云锦468,28128.0
绿地之窗,27869.0
绿地国际花都一期,12000.2
绿地国际花都三期,11354.19
绿地圣罗兰,27106.0
绿地圣路易名邸一期,23510.5
绿地圣路易名邸二期,21163.67
绿地城,14903.25
绿地悦蓉公馆,15414.44
绿地新里城三期,30536.0
绿地新里城四期,28449.0
绿地紫瑞里,21233.25
绿地缤纷熙街,7084.0
绿地锦天府,39136.29
绿城尚品,6113.5
绿岛筑,23495.0
绿岸嘉苑,18882.0
绿杨新邨,14646.2
绿林书院,11063.33
缤纷假日,11241.0
缤纷年华,11633.38
缤纷广场,10801.0
缤纷新天地,7043.0
缤纷时代广场,8807.0
缤纷翠微湖,14413.0
缤纷翡翠湾,11845.0
缤舍,19024.0
罗兰小镇,15376.25
罗家碾街85号,11953.0
罗浮世家二期,20199.0
罗马国际,21033.0
置信丽都玉园天俊,23476.5
置信丽都花园A区,18562.0
置信丽都花园B区,22805.0
置信丽都花园C区,19765.2
置信丽都花园D区,18633.0
置信丽都花园城A区,18373.33
置信丽都花园城B区,20474.75
置信丽都花园城C区,23991.0
置信丽都花园城D区,22217.33
置信学府杏林一期,10310.08
置信学府杏林二期,9751.0
置信巴厘岛A区,20293.33
置信巴厘岛D区,23930.5
置信柳城谊苑,9909.0
置信清水湾,15931.5
置信花园思华苑置信路,19138.0
置信逸都B区,11015.0
置信逸都C区,10387.5
置信逸都D区,11377.5
置信逸都花园天乐苑,16510.0
置信香颐丽都,12404.0
署磬苑,18059.0
美丰花苑,8419.0
美丽南庭,20720.0
美丽合江,25408.0
美丽天城,16205.67
美丽星,14579.5
美丽朋城,15061.0
美华大厦,32491.0
美城云庭,21180.82
美城悦荣府,30854.0
美域,17645.0
美好家园,16419.6
美好时光,16359.0
美宸东方,10219.86
美年广场美岸,33490.0
美林国际社区,8071.33
美泉悦府,22683.5
美泉纪,10131.0
美洲花园一期,14972.75
美洲花园三期,14917.38
美洲花园二期,15077.5
美洲花园城南公馆,17680.25
美洲花园棕榈湾,19218.81
美的新城公园天下,8831.25
美苑(青羊),13729.0
美茵河谷,16790.14
群和街7号,11186.0
群和街9号,14011.0
群康路40号,11402.0
群康路51号,11959.0
群益路2号,9916.0
翔宇榜样,13955.0
翔宇花园,16809.0
翔宇苑三期,13151.67
翔宇苑二期,12222.33
翠云庭,19335.0
翠堤春晓,13509.86
翠堤雅筑,16880.0
翠微清波A区,22019.83
翠微清波B区,24532.86
翠拥天地,18372.0
翠晨记,9941.67
翠蝶湾,11642.0
翠风苑公寓一期,20447.0
翠风苑公寓二期,22290.0
翡翠半岛,21177.0
翡翠城一期,38822.5
翡翠城三期,39605.08
翡翠城二期,33604.18
翡翠城五期,35252.64
翡翠城四期,30977.33
翡翠海湾,15515.0
翰城,8589.57
翰林上岛,15383.25
翰林世家,12277.0
翰林南城,12377.15
翰林风华,10579.67
翰香府,9135.5
老交校家属院,6414.0
老电力宿舍,5612.0
老马路6号,16750.0
联合公寓,11778.0
联益四合院,6094.0
聚星城,34082.0
聚贤公寓,11966.0
聚贤半岛花苑,10442.0
聚贤楼,11535.5
聚贤雅丽园,7569.0
肖家河东一巷,11233.0
肖家河东一巷11号,11447.0
肖家河东三巷1号,13456.0
肖家河东二巷,9806.0
肖家河沿巷9号院,9698.0
肖家河沿街45号,10549.0
育才竹岛,18919.47
育才都市家园二期,22220.67
育苗路11号,11238.5
育苗路8号,10468.0
胜利佳苑,12204.0
胜利村110号附1号,14760.0
胜利馨苑,13905.0
胜地金芙蓉,7826.67
胜天人居,12880.0
自由假日,4813.8
自由城,13406.0
自由星城一期,14566.0
自由自宅,17604.0
致瑞雅苑B区,27829.0
臻品,12788.0
舜和家园A区,12964.0
舜和家园B区,13942.0
舜惠家园,10442.0
航天丙区,8012.0
航天中区,9132.0
航天乙三区,7019.0
航天乙五区,8792.0
航天佳苑,18192.0
航天北路丁区,8335.0
航天医院家属区,8282.0
航天城上城,30044.0
航天城甲三区,8672.33
航天大院,7059.5
航天市场（两河路89号）,6247.0
航天花园,7768.0
航空花园,18180.67
艺墅花乡,11817.5
艺家CLASS,23571.0
艺术家苑,21439.0
艺水芳乡,27983.0
艺苑生活圈,6460.0
艺锦湾一期,16631.0
艺锦湾三期,20294.8
艺锦湾二期,15764.86
艺锦湾五期,28212.0
艺锦湾四期,22078.0
芙华金色海伦,12386.98
芙蓉华庭,14551.0
芙蓉古城唐风区,9609.0
芙蓉古城川西区,9676.0
芙蓉古城紫云园,21162.67
芙蓉古城紫宸园,22031.0
芙蓉古城紫玉园,16664.25
芙蓉古城紫薇园一期,17529.67
芙蓉古城紫薇园二期,16563.0
芙蓉古城紫霄园,18580.0
芙蓉古城苏州区,9216.0
芙蓉名城A区,10466.33
芙蓉名城B区,10959.0
芙蓉名城C区,11186.0
芙蓉名城三期,11278.78
芙蓉田园,10445.5
芙蓉社区,8657.0
芙蓉花园,17220.0
芙蓉西墅,12607.0
花乡民居,5685.0
花月东街62号,7975.0
花朝月盈,14116.0
花果新居一期,14824.0
花果新居二期,11930.0
花样年别样城,10347.77
花样年华,14065.0
花样年华常青藤,11408.0
花样年华梦想家,11689.0
花样年家天下,18711.4
花样年花样城,9136.1
花样年花样城五期,9357.67
花样年花郡,18715.4
花样年香门第北区,15192.21
花样年香门第南区,15930.78
花样年龙年中心,11204.0
花样年龙年中心三期,13130.5
花涧坊A区,10204.0
花涧坊B区,10153.67
花牌坊街6号,11704.0
花语岸,9370.0
花间集,21552.5
花香九里,13615.33
花香庭园,12924.0
花香龙都,12941.25
芳草东街54号,11179.0
芳草东街89号,10820.0
芳草东街一号院,10027.5
芳草地,14101.0
芳草街4号,12500.0
芷泉公寓,17784.0
苏坡中路77号大院,10493.5
英伦世家,8152.75
英伦金沙,15804.0
英国小镇彩舞园,14838.0
英国小镇知更园,16550.0
英国小镇诗歌园,12458.33
英祥财富领域,23110.25
英郡一期,22297.65
英郡三期,25047.43
英郡二期,22488.5
英郦庄园,11915.0
茗苑公寓,14606.0
茶店子正街112号,10019.0
茶店子育苗路9号,11222.0
荆竹小区3号院,12205.0
荆竹小区7号院,10979.0
荆竹小区8号院,10996.0
荆竹苑,14114.0
草堂别苑,21393.0
草堂北路11号,14992.5
草堂西院,15347.0
草堂路19号,22881.0
草堂铭城,29622.75
草市街39号,12399.0
荔园悦享花醍,13750.0
荣光巷,11562.5
荣兴花园,7920.0
荣煜亲河名居,10930.0
荣盛紫提东郡,20811.25
荣盛花语城,24507.25
荣盛香堤荣府,15255.0
荣盛香榭兰庭一期,21115.58
荣盛香榭兰庭二期,19795.0
荣鑫苑,10587.5
荣馨佳苑,13834.0
荷塘月色（红光）,8306.0
荷花名都,10608.0
荷里活,30672.0
莱茵北郡三期,11960.0
莱茵北郡二期,11419.5
莱茵河畔,19237.0
莲花新一区,13599.25
莲花新区,18703.0
莲花新区北三巷1号,11394.0
莲花新区北三巷47号,10442.0
莲花新区北二巷8号,9668.0
莲花逸都,20915.67
莹华寺街65号,10587.0
菁华园,10037.0
菊乐路151号院,10045.5
菊乐路180号,10841.0
菊乐路98号,11114.5
菊园,11976.5
营中巷32号,10335.0
营和巷12号,9960.0
营和巷52号,12041.0
营和街17号,11538.0
营和街43号,14141.0
营和街64号,11173.0
营康巷32号,12592.0
营康西路118号,8316.0
营康西路184号,8585.0
营康西路80号,11208.0
营盛大厦,12727.0
营福巷67号,10086.0
营福苑,9917.0
营通街181号,11680.0
营通街99号,9761.0
营门口路309号,8925.0
葛洲坝紫郡蘭园,17887.53
董家湾北街13号,13760.0
蓉上坊一期,26372.64
蓉上坊二期,31774.11
蓉垚北尚城,8818.0
蓉晶公馆,6275.5
蓉树园,12313.29
蓉西阳光南区,15754.67
蓉铁花园,12845.0
蓓蕾东巷1号,14655.0
蓝光COCO国际二期,19651.75
蓝光COCO时代,21556.92
蓝光COCO蜜城,28224.7
蓝光COCO金沙一期,22890.8
蓝光COCO金沙三期,25337.6
蓝光SOFA社区,25242.82
蓝光T5,11050.0
蓝光coco国际一期,20060.83
蓝光coco金沙二期,23941.62
蓝光东方天地,24966.0
蓝光乐彩城一期,21881.0
蓝光乐彩城三期,21930.0
蓝光乐彩城二期,22090.33
蓝光云鼎,20757.5
蓝光公园华府,21806.8
蓝光公园悦庭,22693.67
蓝光兰亭悦府,18049.33
蓝光凯丽美域,28754.86
蓝光凯丽香江,19862.0
蓝光四叶城,9723.43
蓝光圣菲town城,16383.48
蓝光圣菲悦城一期,19182.0
蓝光圣菲悦城二期,19406.75
蓝光富丽城,13760.43
蓝光富丽花城,15359.61
蓝光幸福满庭,16211.02
蓝光时代华章,24034.0
蓝光花好月圆,12825.0
蓝光花满庭一期,16812.89
蓝光花满庭三期北区,14955.75
蓝光花满庭三期南区,15627.0
蓝光花满庭二期,14448.64
蓝光郁金香花园广场,22677.0
蓝光金双楠一期,22087.0
蓝光金双楠二期,22786.67
蓝光金悦城,21856.0
蓝光金悦天娇,22757.5
蓝光金悦府,16434.5
蓝光金悦派,23763.6
蓝光金悦金沙,18088.5
蓝光金楠府,20825.17
蓝光锦绣城,21547.9
蓝光锦绣城21栋,19720.5
蓝光锦绣城一期,17920.0
蓝光锦绣城二期,19322.5
蓝光锦绣城四期,19248.5
蓝光长岛国际一期,17049.0
蓝光长岛国际三期,17293.5
蓝光雍锦世家,32968.5
蓝光雍锦园,75146.67
蓝光香境,16697.79
蓝光香瑞湖,16309.31
蓝天中苑,6760.0
蓝天小区(龙泉驿),6723.0
蓝天路1号,12943.0
蓝天路3号,10872.0
蓝山晓筑,9425.0
蓝山美树,22624.4
蓝岸A区,23134.0
蓝岸B区,20440.62
蓝岸丽景,15553.0
蓝泰公寓,13001.0
蓝润ISC,26456.67
蓝润V客东区,22363.33
蓝润V客东都一期,17956.0
蓝润V客东都二期,16042.5
蓝润V客尚东二期,18191.5
蓝润v客尚东一期,18135.0
蓝润光华春天A区,14833.57
蓝润光华春天B区,15252.83
蓝润华府春天,16213.43
蓝润棠湖春天,17120.5
蓝润睿城,12185.86
蓝润蓝客城,15989.67
蓝润锦江春天,22582.92
蓝湾公馆,7860.0
蓝色港湾,19483.0
蓝色空间如意府,15843.5
蓝色空间蓝宇,13855.0
蓝色空间蓝月,14529.5
蓝色空间蓝梦,17623.5
蓝苑,14115.0
蓝谷地一二期,21345.0
蓝谷地三四期,16500.2
蓝谷地天域,17848.25
蓝谷领地,16322.0
蔚蓝卡地亚花园城,48137.17
蔚蓝卡地亚黑钻,19635.0
蔚蓝花城A区,9567.0
蔚蓝花城B区,12040.0
蔚蓝阁A区,40455.0
蔚蓝阁B区,43187.67
藏卫路北四段51号,7005.0
藏卫路北四段54号,6714.0
藏龙苑,8172.0
虹波苑,12517.0
蛟龙银座,11607.33
蜀光新城一期,16022.0
蜀光苑小区,11168.0
蜀南春郡,20741.0
蜀明东路4号,11310.0
蜀汉东街8号,22929.0
蜀汉小区,10785.75
蜀汉路2号,11965.0
蜀汉路488号,13869.0
蜀源国都,7514.0
蜀蓉路8号,12840.0
蜀郡,27615.0
蜀郡又一城,25914.86
蜀都中心一期,23920.5
蜀都惠园,18512.5
蜀都新城,9966.0
蜀都新天地,8227.8
蜀都新邨,7791.0
蜀都花园,16811.56
蜀鑫西TOWN,15805.0
蜀镇·锦丽湾,11404.0
蜀镇·锦悦府,13914.5
蜀镇尚楠湾,14268.5
蜀镇御景湖,15567.0
蜀镇悦雅湖,13764.0
蜀镇观澜湖,14451.75
蜀镇金楠湖,14058.0
蜀镇锦云阁,12214.0
蜀镇锦翰园,13687.29
蜀镇领秀湖,15029.0
蜀青丽晶府,6603.0
蜀青名苑,5427.67
蜀风庭院,6763.0
蜀风花园城,21231.5
蜀风花园城二期,33308.0
蜀馨苑A区,12166.0
蜜立方,13401.0
蝴蝶洲,8011.89
融创凯旋东岸,13025.4
融创凯旋公馆,14073.0
融创南湖逸家,24948.36
融创四海逸家,49949.53
融创天府逸家三期,16964.6
融创玖棠府,29862.33
融创观玺台花园,31032.75
融创香璟台西苑,28407.89
融创香璟薹东苑,29051.33
融城云熙,15570.5
融城后街,17663.6
融城理想,25600.8
融锦城,18009.67
西丁字街5号,24581.0
西丽苑,11765.0
西二道街43号,21095.0
西体北路1号,8696.0
西体路19号,13373.0
西体路新二村,11267.0
西北街29号,8075.0
西区地标,11242.0
西区御景,7905.0
西区花园别墅绿之韵,13907.67
西区花园晨之曦,10697.57
西区花园水云庭,11265.0
西区花园水云涧,9694.0
西区花园水云阁,11689.5
西区花园白领公寓,6445.0
西区花园花园洋房,9939.7
西区银座,9086.0
西华阳光,7527.0
西华雅苑,5673.0
西南电力设计院小区,14373.0
西南石油大学教工宿舍,8873.0
西南财经大学教师宿舍,15493.0
西城丽景,12642.0
西城公馆,17163.0
西城天下,16850.75
西城家园(青羊),14838.0
西城家园二期,12183.33
西城小筑,10947.0
西城尚锦,29428.36
西城御景,12771.67
西城星座,12119.0
西城映画,20609.5
西城花园,14181.0
西城角巷12号,15268.0
西城角巷13号,17677.0
西城雅居,7848.0
西城鸥鹭湾,8176.0
西大国际,11040.0
西大街111号,4125.0
西安中路10号,10013.0
西安中路一巷35号,13658.0
西安北路27号,12235.0
西安北路三巷1号,10189.0
西安北路三巷5号,11870.0
西安南路52号,13066.0
西安南路61号,11654.0
西安路一段141号,6675.0
西安路小区,7796.5
西宸原著,29507.5
西岭路1号,14852.0
西岸翠景,12783.6
西岸观邸,18755.92
西府花园,25224.0
西延锦绣,17834.4
西延雅舍,14114.0
西御大厦,14435.0
西景花园,18271.6
西林小区,8086.33
西林巷14号,11990.0
西林豫府A区,11387.0
西林豫府B区,11242.0
西汇佳苑,7178.0
西江月,13743.29
西沙美景小区,12371.0
西河中学,6820.0
西油苑,13172.0
西派国际,56576.43
西派城A区,29913.08
西派城B区,30580.1
西派城C区,31512.0
西派城D区,28670.5
西派泊玥,22780.33
西派浣花,62009.5
西祥公寓,8781.0
西线阳光,13057.17
西花汀,12871.67
西苑(成华),10679.0
西藏卫生厅藏药研究所住宅,7607.0
西藏地质花园,7072.5
西藏电力家属院,12869.0
西藏花园,17559.0
西藏阳光苑,13618.0
西蜀尚都,10561.25
西街1号附1,4417.0
西街69号,5289.0
西街99号院,5021.0
西街上,8658.0
西街上院,6918.22
西西学府里,15995.67
西西学府里（二期）,19735.75
西财学府尚郡,10476.0
西财学府憬城,11707.93
西财学府阳光,12287.06
西财骏苑,14309.0
西贵堂,9447.17
西郡兰庭,10329.92
西郡香林,21418.0
西部国际金融中心,31944.5
西都会,6931.33
西鑫苑,6033.0
西锦国际一期,17390.62
西锦国际三期,21339.25
西雅苑,12580.0
西青路20号,22520.0
西青路48号,12960.0
西青路53号,11966.0
西香纪,15200.0
西马棚街28号,16213.0
西马棚街38号,26516.0
西龙公寓,5892.0
观南上域,23345.57
观城,26972.31
观景苑一期,13516.5
观澜东山,9658.0
观澜半岛,9826.0
观音阁前街4号,13068.0
观音阁前街8号,11710.0
解放西街5号,9508.0
解放西路,12111.6
解放路一段120号,9999.0
解放路一段170号,11718.0
解放路一段89号,12836.0
解放路二段195号,12256.0
解颐路17号,10480.0
誉峰一期,50107.0
誉峰三期,14812.0
誉峰二期,82841.67
誉府仕家,8862.96
警苑小区,7458.0
警馨苑,14536.5
证大正府,18694.0
诗锦苑,17567.0
诚品上院,14956.5
诚园,26554.0
诺金山,16933.71
豪斯花园,10418.0
豪瑞新界,10950.0
贝多小屋,11571.0
贝森兴苑,16654.4
贝森园,11786.0
贝森宜苑,17478.33
贝森路39号,15661.0
财富中心,31259.1
财富又一城,22188.0
财富领地,17803.0
贵通御苑映月湾,17434.83
贵通御苑枫景,12871.5
贵通御苑金枫阁,19284.5
贵通御苑雙楠城,15282.17
贾家巷40号院,5275.0
赛云台东二路3号院,10498.0
走马街34号,34483.0
超洋花园,18989.0
足球村,5435.0
路桥家园,11631.0
路苑小区,6933.0
较场坝东街67号,15085.5
较场坝中街60号,10139.0
辉煌佳苑,11538.0
输气大院,7530.0
输气小苑二期,10932.0
边城水恋,9021.4
边城香格里,14963.85
达达公馆,13399.25
迎春佳苑,9726.0
迎春路二段58号,7511.0
迎晖路166号,6328.5
远光水印城,18017.6
远大中央公园,23036.07
远大中央公园一期,22952.05
远大林语城,18256.33
远大林语城南庭,18406.92
远大都市风景一期,19391.0
远大都市风景三期,18858.0
远大都市风景二期,22243.0
远大都市风景五期,21579.67
远大都市风景四期,23603.2
远洋朗基国宾御府,19195.0
远洋朗郡,16764.5
远雄风华园,27277.29
远鸿方程式,13673.0
迪康银色诗典,13568.0
迪舒 · 美领,10604.0
通惠门路25号,21403.0
通济巷27号,8934.0
通瑞月光湖,15733.5
通用时代国际社区,38810.67
通达二期,7522.0
通锦桥190号,9447.0
通锦桥路,9733.0
通锦桥路176号,17478.0
通锦苑,13659.0
通锦路3号院,11029.67
逸尚美庭,17459.5
逸都国际,29911.0
邑品天都,10737.83
那城,9818.33
那城二期,9128.0
邦泰华府公馆,17726.72
邮政局家属院(温江),6911.25
邮政局家属院(郫都),5540.0
邮电小区,4233.0
邻居小区,9705.0
邻水园,9470.0
郦景东城,15917.0
郫县百伦广场,10354.5
郫筒红瓦一期,6624.0
郫筒红瓦二期,7071.5
郭家桥北街10号,14520.0
郭家桥北街11号,15877.0
郭家桥北街2号院,16625.0
郭家桥西街3号,17242.0
都会路苑,27049.0
都会风尚,29570.0
都城雅颂居,33022.1
都市人家一期,10456.0
都市人家二期,11621.0
都市公寓,21194.33
都市水岸,9683.33
都市金岸,21985.0
都市驿站,27517.5
酱园南街16号,8498.0
酱园南街33号,7084.0
酱园南街97号,6882.5
酱园街36号,6226.0
量力健康城,15943.0
金上城,12121.17
金仙桥路11号,8650.0
金仙桥路15号川铁宿舍,12903.0
金仙桥路22号,13968.0
金仙桥路6号,11277.0
金像雅苑,11487.0
金冠华庭,8588.67
金华壹号,18555.0
金南园,12913.0
金博林居C区,6691.0
金叶苑,12033.2
金地嘉年华城A区,23667.33
金地嘉年华城B区,22712.88
金地天府城,23550.0
金地天府城公寓,8371.0
金地悦澜道,24364.0
金地花园,13327.0
金地贝福里花园,19069.5
金地金沙府邸,27032.0
金城丽舍,12584.0
金城公寓,5559.0
金城商住楼,10550.0
金城小区,11689.0
金域香洲,9862.0
金壕雅庭,11626.0
金宇花园,9908.0
金山商业街32号,9573.0
金山御景蓝湾,8628.86
金山花园(滨河路),8131.0
金峰云水涧二期,7232.5
金巴黎,5000.0
金府SOHO,6459.0
金府花园,23914.8
金府路6号,16032.0
金座威尼谷,19065.29
金座蓉城胜景,16079.5
金强大学城,9649.61
金强广场,7314.0
金强广场小区,6486.0
金恒德时代金悦,15644.45
金房三径,26093.33
金房大榕湾人家,40610.67
金房月圆,12000.0
金房苑西苑,14183.0
金控时代广场,24197.75
金林俊景,20426.86
金林半岛,37098.0
金林大城小室,16217.0
金枫名苑,12198.0
金桂花园(温江),5479.0
金桂花苑银桂园,13179.0
金桔花园一期,12463.75
金桔花园二期北苑,14085.0
金桔花园二期南苑,11520.0
金楠国际,15492.0
金楠缤纷,16250.8
金水湾,10886.5
金江花园,5720.5
金沙上城,13068.0
金沙云庭,41915.5
金沙兰亭,24924.5
金沙北二路2号,14619.0
金沙十年,18755.2
金沙古韵,16104.0
金沙园一期,19279.0
金沙园三期,24580.0
金沙园二期,21507.0
金沙国际花园,16920.5
金沙城锦西观棠,27638.43
金沙大境湾,26342.0
金沙岁月,15245.5
金沙巷12号,10550.0
金沙巷16号,8393.0
金沙御苑,19401.0
金沙愉景一期,18058.0
金沙愉景二期,20278.33
金沙揽胜二期,18717.5
金沙春,11798.33
金沙柏林郡,19538.5
金沙横街2号,11189.0
金沙海棠,28044.0
金沙美邻丽雅苑,14932.33
金沙芙蓉苑,21106.0
金沙苑公寓,9376.0
金沙蜜地,15228.67
金沙西园一期,24063.0
金沙西园三期,28966.75
金沙西园二期,25534.0
金沙西园四期,30891.5
金沙西墅,34725.5
金沙路1号,9093.0
金沙路73号,12961.0
金沙路西巷19号,10662.5
金沙路西巷29号,8275.0
金沙顺苑,24814.0
金沙鹭岛一期,27048.67
金沙鹭岛三期,29968.0
金沙鹭岛二期,29603.33
金沙鹭岛四期,29289.5
金河城小区,9959.0
金河谷一期,16201.5
金河谷三期,43871.0
金河谷二期,17140.25
金河谷五期,15984.57
金河谷四期,14288.94
金河路63号,31924.0
金河路69号,21370.0
金泉街48号,16236.5
金泉阳光佳新苑,9687.0
金泉阳光景新苑,9831.0
金泉阳光畅新苑,8190.0
金泉阳光雅新苑,9402.0
金海岸公寓,19657.2
金港湾花园二期,15548.0
金牛万达A组团,20662.33
金牛万达B组团,20167.0
金牛万达C组团,20154.67
金牛万达D组团,19520.0
金牛区教师宿舍,11006.67
金牛宾馆宿舍,11509.0
金牛座(青白江),6311.0
金犀庭苑,8434.0
金玺园,9592.0
金琴路14号,13410.0
金琴路40号,9633.0
金石怡苑,7759.0
金福苑(青羊),10863.0
金科一城,17993.1
金科东方雅郡,15313.4
金科中心,11391.5
金科博翠天宸,10383.36
金科天宸,17465.29
金科天宸B区,16541.75
金科天籁城,16671.0
金科星耀天都,6145.0
金科苑中街103号,9459.75
金科苑中街106号,9255.0
金科苑中街54号,10238.0
金科苑路27号,10822.0
金税苑,10527.0
金穗苑(温江),8231.5
金穗苑(金牛),15215.5
金竹苑A区,10828.0
金竹苑B区,12109.0
金竹苑C区,13785.0
金红园,13198.0
金罗路12号,10322.0
金罗路2号,10991.67
金色外滩,7283.0
金色极地,7806.0
金色校园广场,8809.0
金色池塘,15169.0
金色港湾(凤祥大道),7843.17
金色花园一期,14766.67
金色花园二期,15982.0
金色逸景,8647.0
金色阳光,18363.0
金色鱼凫,11373.75
金茂光明城市,23089.96
金茂府,41180.0
金茂悦龙山,22150.33
金茂礼都,15053.0
金荣巷7号,12018.0
金荷名邸,15313.0
金菊苑,10216.0
金象嘉园,13503.0
金辉悦府,12999.94
金辉枫尚,17749.0
金辉苑,11283.5
金都小区,5818.0
金都花园,15219.75
金都苑,12592.0
金都街39号,6627.33
金鑫苑,9272.0
金阳伦敦西区,24691.67
金阳易诚国际,18006.33
金香领邸,11555.0
金马湖壹号,8444.0
金鱼街3号,12690.5
金鱼街5号,9812.0
金鱼街64号,11132.0
金鹏街175号院,16457.0
金鹏街271号,16468.0
金鹏雅舍,10629.0
金龙大厦,6678.0
釜山国际城市公馆,22369.75
鑫信合中心,34778.0
鑫园(金牛),10708.0
鑫园(龙泉驿),6936.5
鑫城府,16069.0
鑫房名苑,14336.67
鑫汇丰家园A区,8317.0
鑫源二小区,9915.0
鑫源公寓,11903.0
鑫源锦城花园,7170.0
鑫福佳苑,11282.0
鑫苑名家一期,16430.88
鑫苑名家二期,19721.94
鑫苑鑫都汇,22997.33
鑫苑鑫都汇南区,23842.05
鑫阳花园,16080.5
钢管厂五区,12175.2
钰邸华府,9998.5
钱江凤凰城,8458.64
钻石小区,7727.5
铁狮门晶融汇,37017.0
铁路局宿舍,8540.0
铁路新村,14144.0
铂悦郡,12634.33
铂金时代,9641.62
铂金时代二期,7510.0
银丰别墅,9685.0
银丰园一区,4947.5
银丰园二区,6703.5
银唐国际,20776.88
银城花树间,2976.4
银星楼,8368.0
银木佳苑,21058.0
银杏地带,11192.0
银杏森林,14610.0
银杏苑(郫都),6211.0
银沙北街58号院,10363.0
银沙北街91号院,11008.0
银沙新居,10993.0
银沙正街2号,10774.0
银沙路80号,10010.0
银河花园,10895.14
银河花园二期,13668.0
银泰中心,60157.0
银泰泰悦湾,48051.0
银泰花园,14923.0
银泰香樟林,26198.0
银海中心,20437.5
银滩,13758.57
银诚东方国际一期,11504.8
银诚东方国际三期,11644.25
银诚归墅,15312.0
银都花园怡苑一期,16147.5
银都花园慧苑二期,15291.5
银都花园欣苑五期,24977.33
银都花园皓苑四期,18880.0
银锣湾,13865.8
铸信境界,21499.1
锐力领峰,22591.0
锦上南庭,12042.0
锦上城,11257.5
锦上清苑,8719.67
锦上花,20902.5
锦东庭园,27790.4
锦丽华庭,14784.6
锦和康城▪锦绣苑,15348.4
锦和康城和贵苑,15294.4
锦城世家,28696.67
锦城南府猫先生,30223.5
锦城名都,19349.58
锦城庭院,13816.0
锦城悦庭,25920.0
锦城汉府,13634.0
锦城花园,21478.5
锦城苑(武侯),13041.0
锦城苑(金牛),14177.43
锦城豪庭,24194.0
锦天国际,18703.67
锦宏宝润苑,12872.67
锦宏河滨苑,13795.0
锦宏翠苑,13406.0
锦宏阁,12560.0
锦宏骏苑北区,23258.75
锦宏骏苑南区,18889.0
锦官丽城亲水湾,20818.0
锦官新城东区,45412.33
锦官新城西区,20538.31
锦官秀城北区,22195.0
锦官秀城南区,19416.33
锦官苑,13916.0
锦尚天华,23158.4
锦尚景,6109.0
锦川楼,15656.33
锦巷兰台,18857.62
锦府苑,10384.0
锦座名都,21651.0
锦怡居,16231.5
锦桂苑,11974.0
锦橙,11684.33
锦欣苑,12851.5
锦水苑社区,5508.75
锦汇城A区,11582.5
锦汇城B区,10894.33
锦汇花园,14410.0
锦江东湖花园,31429.0
锦江华庭,21114.33
锦江印象,28749.4
锦江国际花园,21267.82
锦江城市花园一期,19265.09
锦江城市花园三期,18673.72
锦江城市花园二期,18084.81
锦江帆影,18445.75
锦江新园,13965.0
锦江明珠,38553.0
锦江苑(武侯),10929.0
锦江逸家,31540.88
锦泰世家,14386.33
锦泰公寓,11315.2
锦洲花园,16978.14
锦海国际花园,21246.86
锦溪,12839.67
锦熙玉苑,19824.0
锦瑞园,13265.0
锦秀民居,11559.5
锦红苑,12961.0
锦绣上城,15587.0
锦绣东方一期,17531.11
锦绣东方二期,17476.0
锦绣光华,16394.14
锦绣华都,10894.62
锦绣天骄,8028.0
锦绣庭院,7001.0
锦绣朋城,15357.0
锦绣森邻,15593.5
锦绣楠郡,11849.0
锦绣花园东区,16414.33
锦绣花园西区,16034.0
锦绣街7号,14329.0
锦绣街9号,14078.0
锦绣西苑一期,9024.67
锦绣西苑二期,10596.5
锦绣阳光(锦江),14466.5
锦绣香城,10138.0
锦翠花园南苑,13964.0
锦芙蓉,22899.0
锦花苑(武侯),13584.0
锦花苑(青羊),12268.0
锦苑一期B区,7774.0
锦苑三期,13800.62
锦苑二期,9078.67
锦苑小区,7582.0
锦蓉佳苑,23891.33
锦西名宅西区,11999.67
锦西国际,10085.67
锦西民园,13889.0
锦西民宅,19201.5
锦西花园一期,11624.0
锦西花园三期,14060.0
锦赛雅苑,14349.0
锦辰佳苑,21788.75
锦都,36287.0
锦都四期,33405.0
锦里光华,9827.0
锦里百花公寓,17384.0
锦里苑,21644.0
锦里西路127号,23209.5
锦里西路76号,14360.0
锦鑫苑,8331.0
锦镇,18861.0
锦镇香墅,25871.0
锦阳阁,13064.0
锦青苑,11422.33
锦顺苑,16534.0
锦馨家园B区,12653.5
锦鸿西苑,12817.5
锦龙云府,24781.05
镋钯街37号,15101.0
镋钯街74号院,18032.0
镋钯街75号,27130.0
镏金岁月,26548.56
长久一巷19号,12009.0
长兴苑,11667.0
长兴街5号院,10490.0
长冶南阳御龙府,25005.86
长冶路一段54号,6436.5
长冶路三段22号,7318.0
长冶路二段32号,8414.0
长城半岛城邦一期,42677.25
长城半岛城邦三期,43260.0
长城半岛城邦二期,41759.0
长城嘉苑,13461.0
长城园,26805.67
长城宜苑,14005.0
长城花园祥和苑,10111.0
长城馨苑(武侯),9912.0
长天路10号社区,11346.5
长天路16号,9455.0
长天路32号社区,9311.0
长天路8号社区,12995.0
长安盛景,6335.5
长富新城,29899.4
长富花园,19417.0
长寿苑,13082.0
长居花园,13589.5
长岸缇香,17136.0
长柏路108号,7963.0
长柏路248号,8643.0
长柏路251号,8627.5
长柏路79号,6182.0
长河郡,6195.89
长流河小区,4067.2
长荣苑,12147.5
长虹和悦府,24412.88
长融一代天骄,16210.5
长远小区二,7303.0
长顺下街69号,19077.0
长顺中街89号,17780.5
长顺南苑,14569.0
长顺苑北苑,14405.0
长鸿苑,22135.5
阳光100米娅中心一期,20257.93
阳光100米娅中心二期,20022.25
阳光假日,20711.0
阳光华庭,14326.0
阳光华苑,20888.2
阳光嘉苑,16374.67
阳光地中海,12882.0
阳光地带(金牛),15020.0
阳光城半山悦,22832.5
阳光城檀府,35242.0
阳光小筑,6211.67
阳光小筑二期,6108.5
阳光新业中心,34808.0
阳光舜苑,16348.57
阳光花园(武侯),11289.0
阳光花园东苑,3658.0
阳光花园南苑,5243.33
阳光花园西苑,5603.0
阳光苑(阳光苑),11621.0
阳光金沙,20647.0
阳曦芙蓉城,20814.0
陕西街9号小区,5860.0
陶然村一区,6435.57
陶然村紫云轩,8786.67
陶然村雅云轩,9171.0
陶然精舍,9372.17
隆兴嘉苑,14175.0
隆基泰和铂悦山,15612.14
隆鑫九熙,18694.25
隆鑫十里画卷,20419.5
隆鑫印象东方,26514.0
雄飞北尚广场,12323.64
雄飞新园紫郡,21520.17
雄飞生活广场,13869.12
雄飞翰林书院,12535.6
雅典国际社区,27750.5
雅图丽景,11656.67
雅居,8041.33
雅居乐剑桥郡,14958.12
雅居乐十里花巷,13905.73
雅居乐富春山居,18646.0
雅居乐花园,15481.82
雅居乐花园香草山,19993.5
雅然居,18274.0
雅砻阳光花园,10280.55
雅竹苑(龙泉驿),8852.0
雅翠阁,6701.0
雅舍河畔,8865.5
雅颂居二期,35959.0
集装箱中心站小区,3599.0
雍锦湾,36545.0
雕刻时光,10845.0
霏红榭,12830.07
青乐苑C区,9096.0
青云阁,19788.0
青华北一街4号,15969.0
青华北一街5号,14310.0
青华北二街6号,15714.0
青华路20号,14314.5
青华路22号,12630.0
青华路24号,16256.0
青华路59号,20597.0
青华路8号,15174.5
青南美湾,19853.5
青年一号,18735.0
青房天韵华庭,18642.0
青房尚瑞天韵,14378.0
青森小区,13216.0
青水美居二期,5469.0
青水美居壹期,4975.33
青江东路32号院,5085.0
青江东路85号院,4974.5
青江华庭A区,5162.4
青江华庭B区,5921.0
青江名城,5759.5
青江花园,4641.62
青江馨苑,5821.0
青白江天美广场,6588.78
青石桥北街35号,28657.0
青秀城,18729.25
青秀朗宸（二期）,28276.0
青秀未遮山（一期）,27765.33
青羊上街185号,18056.0
青羊上街208号,20866.0
青羊东一路68号,12386.5
青羊东二路125号,17400.0
青羊东二路41号,13445.67
青羊东二路社区,12770.0
青羊北路3号,10250.0
青羊西路2号院,13320.5
青羊龙栖苑,18139.0
青西路7号,12779.5
青西路8号,9453.0
青铁家园,7973.5
青铜时代,8420.5
青青河畔,16614.17
青龙乾院A区,13673.0
青龙乾院B区,11883.2
青龙小区,9184.6
青龙巷9号,18172.0
青龙广场,5931.0
青龙横街37号,14918.0
靓碧天苑,24780.0
静安天地,8831.0
静居嘉苑,19984.5
静水苑一期,6063.33
静水香榭,8034.2
静苑,10902.5
静雅小区,5675.0
韩国城一期,7826.5
韩国城三期,9613.0
韩国城二期,7551.75
顶峰水岸汇景,23117.63
顺和苑(双元街),12616.0
顺和苑(双流),4784.0
顺城大街,12209.0
顺城苑,10561.0
顺江嘉苑,10464.0
顺江小区一期,8622.5
顺江新苑A区,10976.0
顺江新苑B区,10147.0
顺江锦苑,14721.0
顺源南一巷38号院,8464.0
顺源环街123号小区,9281.0
顺苑(燃灯寺路),12417.0
顺达苑,11272.0
顺通河滨公寓,12124.0
顺风苑,10128.75
领地海纳时代,18112.75
领域,18373.0
领都,16092.2
领馆区1号,19308.0
领馆国际城,21228.54
颐和京都,21653.33
颐和家园,20278.5
颐和雅居,14844.0
颐园(金牛),7961.0
风华庭,18173.67
风华苑,16979.25
风尚国际,19899.0
风林假日,13694.44
风格雅园,18772.25
飞大壹号广场,20164.5
食研院小区,4586.0
饮马河街29号,19881.0
饮马河街36号,14520.0
首信汇,19066.33
首信首御,24135.33
首创万卷山,16852.37
首创东公元,16333.78
首创光和城,19769.86
首创光和城二期,20092.0
首创国际城一期,18576.25
首创国际城二期,19147.82
首创天禧68,24655.67
首创娇子1号,31303.65
首创爱这城一二期,18352.44
首创爱这城三期,17978.75
首创爱这城四期,22994.0
首创禧瑞锦江,30653.5
首座,20695.0
首座MAX,27686.0
首开龙湖天璞,19464.75
首开龙湖景粼玖序,24094.5
首开龙湖紫云赋,19132.5
首开龙湖紫宸一组团,29475.0
首开龙湖紫宸二组团,31198.67
首航欣程,26702.0
首钢蓉城里,18618.0
香博城,14050.83
香城丽园,7703.0
香城名都,9442.5
香城国际,7818.0
香城榕园,10460.33
香城河畔,12805.33
香城润园,5920.0
香域中央,10155.11
香山半岛,20545.25
香山苑,17122.5
香山长岛,24536.0
香年广场,22264.0
香月楠岸,14405.0
香月湖,35667.5
香木林加州国际,13287.0
香木林花园,14052.25
香木林领馆尚城,19377.0
香林名宅,5080.5
香格里拉花园,22513.25
香楠国际,16585.25
香楠湖,12990.8
香榭名苑,17924.5
香榭国际,21874.5
香榭国际三期,9713.0
香榭里公交苑,10693.0
香槟城,13685.38
香槟花园,21190.5
香樟林,8421.0
香水城,11579.67
香汀兰庭,12709.5
香江半岛,8645.0
香江岸,12651.67
香澜半岛,19451.62
香澜坊,17861.5
香瑞楠府,18501.7
香界,11797.5
香碧歌庄园,22622.0
香草洲,6799.46
香草洲一期,5582.0
香都美地,13343.0
香颂岛,29593.5
馨光华庭,19104.0
馨和苑(成华),11947.0
馨宁居一期,10207.0
马克公馆一期,15996.67
马克公馆二期,15923.0
马河湾38号,11138.0
马镇街21号,9213.0
马鞍东路11号,17511.0
马鞍东路社区,9961.38
马鞍北路45号,10649.0
马鞍北路8号,8725.0
马鞍北路社区,11516.67
马鞍山28号,10657.67
马鞍西路11号,10192.0
驷马康城,16424.0
驿丰苑二小区,8135.33
驿村苑,6788.0
驿都公寓,7669.43
驿都城,15885.38
驿都小区,8228.0
驿都水岸丽园,12449.5
驿鑫乡卿城,15153.0
驿马桥小区,7322.0
骑士郡,15449.0
高升公寓,9585.0
高升桥东路22号,16306.0
高升桥北街6号,12150.0
高升桥南街3号,12818.5
高升桥南街7号,11232.5
高升瑞景,16855.5
高地,23777.0
高家庄赞城,13314.25
高攀路18号,12037.0
高攀路21号,12145.0
高攀路36号,13051.0
高盛金融中心,33770.33
高碑瑞苑一期,12503.0
高碑瑞苑三期,11778.0
高碑瑞苑二期,12791.0
魅力阳光,17723.67
魏玛国际,22387.0
鱼凫花园,6981.0
鱼凫路32号,7243.0
鱼凫阳光,8292.25
鲁能公馆1区,26554.6
鲁能公馆2区,28409.33
鲜花优活居,12482.0
鲜花大院,12046.8
鸥鹏大道263小区,6875.0
鸿泰名园,12021.0
鸿生花园,19322.75
鸿禧花园,17439.67
鸿运之星,13979.0
鸿阁一号,18143.2
鸿阁新座,21010.25
鹃城印象,6474.0
鹃城园三期,7864.5
鹃城园四期,8289.0
鹃城帝景,8264.5
鹏城金龙美景,12911.33
鹤林小区,8836.0
鹭岛国际一二期,24542.3
鹭岛国际三期,22248.22
鹭岛国际四期,18635.78
鹭湖宫10区,10044.33
鹭湖宫13区,9942.0
鹭湖宫七区A组,11813.0
鹭湖宫七号B组,9444.0
鹭湖宫二区,19678.5
鹭湖宫五号社区,8948.0
鹭湖宫八区,12797.25
鹭湖宫六区A组团,13814.0
鹭湖宫六区B组团,11053.0
鹭湖宫六区C组团,13914.5
鹭湖宫十一区,11977.33
鹭湖宫十五区,12070.6
麓山印象,20198.8
麓山国际SOLO公寓,24834.0
麓山国际云堤曦岸,28987.6
麓山国际云曦台,24288.0
麓山国际半月湾,25013.86
麓山国际圣安德鲁,52184.0
麓山国际圣芭芭拉,25707.0
麓山国际塞尔维蒙,27040.6
麓山国际帕萨迪纳2组,25702.0
麓山国际帕萨迪纳3组,26354.0
麓山国际悦庭,23054.0
麓山国际拉佩维尔,35411.14
麓山国际茵特拉肯A,23366.86
麓山国际茵特拉肯B区,25813.42
麓山国际逸翠谷,74360.0
麓岭汇,22664.5
麓湖半山二期,14953.0
麓湖生态城云树,37658.0
麓湖生态城琥珀瀛洲,58878.67
麓湖生态城香林堤,50697.0
麓湖生态城麒麟荟,90179.5
麦田国际社区,11941.57
黄华楼,11567.0
黄忠爱丽舍,11651.75
黄忠芙蓉苑,10809.0
黄河中路二段161号,7639.0
黄瓦街56号,22136.0
黄金时代(中和街道办吉龙二街),18857.0
黄金时代(永丰路),16471.67
黄金海岸,13690.67
黎明新村三期,9025.0
黎明新村二期,9055.0
黎明新村四期B区,9268.0
鼎犀名城,15151.38
鼓楼世家,20723.0
鼓楼北三街32号,12196.0
鼓楼北二街40号院,12097.0
鼓楼北二街81号,12516.0
鼓楼北四街27号,10748.0
鼓楼北四街28号,15066.0
鼓楼南街70号,10150.0
鼓楼洞街7号,12099.0
齐力碧水湾,24408.0
齐力花园,18277.0
齐盛艺品,8983.0
齐盛艺境,18020.14
龙井苑,14028.0
龙光君悦华庭一期,13863.33
龙光君悦华庭二期,13993.5
龙华二期A区,10159.5
龙华二期B区,9479.0
龙华二期C区,10277.0
龙华二期D区,9170.0
龙华居,11434.0
龙华阳光,17440.0
龙博御景,11245.33
龙城,15677.25
龙城1号,19879.08
龙城半岛,15681.33
龙城国际,15736.66
龙城国际五期,11666.5
龙城国际四期,12896.0
龙城高新天地,6266.22
龙域都市兰亭,5707.8
龙安街10号,12859.0
龙安街2号,12291.0
龙景花园,34266.33
龙江电信公寓,16987.0
龙泉三小教师宿舍,7339.0
龙泉印象,11385.0
龙泉地税局宿舍,6203.5
龙泉民政局宿舍,7638.0
龙泉驿区房管局宿舍,9156.0
龙泉驿区教育局宿舍,8971.0
龙泉驿区财政局,7077.0
龙洲花园,25751.5
龙湖·上城天玺,33367.8
龙湖三千城A区,23041.38
龙湖三千城二期B区,24176.0
龙湖三千庭,22158.55
龙湖三千里A区一期,23285.0
龙湖三千里B区二期,24859.5
龙湖上城天街广场,21840.0
龙湖世纪峰景,28232.29
龙湖丽景A区,7791.0
龙湖丽景B区,10387.0
龙湖九里晴川,31171.79
龙湖北城天街一期,20730.75
龙湖北城天街二期,19409.07
龙湖听蓝湾一期,16021.0
龙湖听蓝湾二期,16243.71
龙湖天宸原著,43335.67
龙湖弗莱明戈一期,16065.87
龙湖弗莱明戈二期,16531.67
龙湖时代天街,12925.93
龙湖梵城,13228.0
龙湖梵悦台,39011.2
龙湖源著东区,20984.0
龙湖源著西区,37949.0
龙湖融信卓越·青云阙,46453.5
龙湖金地商置璟宸世家,9450.0
龙湖金楠天街,21815.33
龙湖金楠时光,21192.0
龙爪小区2号院,10917.0
龙爪小区东1号院,12617.0
龙爪小区北1号院,10277.0
龙瑞苑,17614.0
龙祥苑(武侯),10464.0
龙腾东麓城,11994.88
龙腾花园,12350.0
龙舟苑,11161.0
龙舟路55号,10960.0
龙舟路58号,10905.0
龙都南路125号,7150.0
龙都国际,11511.17
龙锦,11786.5
龙锦慧苑,16452.0
龙锦晓筑,14257.0
龙锦湾,14546.0
龙锦花园,14484.67
龙锦雅苑,10413.83
龙门街20号院,7050.0
龙门镇,17444.75
龙门镇二期,19662.88
